2026-09-12 00:10:11,832 [INFO] Tasinabilir Tesseract kullaniliyor: C:\Users\erdem\OneDrive\Desktop\lastWarBotNew\tesseract_bin\tesseract.exe
2026-09-12 00:10:11,832 [INFO] Konsol penceresi (3650, 0) konumuna, 190x1000 boyutuna tasindi.
2026-09-12 00:10:11,832 [INFO] Kisayollar:
2026-09-12 00:10:11,832 [INFO]   S -> botu durdur
2026-09-12 00:10:11,832 [INFO]   J -> sonraki mouse tiklamasinin pikselini logla
2026-09-12 00:10:11,832 [INFO]   O -> metin bolgesini tara ve logla
2026-09-12 00:10:11,832 [INFO]   T -> kirmizi alanli tarama ekran goruntusunu ac/kapat
2026-09-12 00:10:11,832 [INFO]   E -> 100 saniyelik ESC dongusunu ac/kapat
2026-09-12 00:10:11,833 [INFO]   R -> Uyari ve Arti taramasini ac/kapat
2026-09-12 00:10:11,833 [INFO]   P -> Tren taramasini ac/kapat
2026-09-12 00:10:11,833 [INFO]   A -> Hastane/Yardim/Asker taramasini ac/kapat (varsayilan kapali)
2026-09-12 00:10:11,833 [INFO]   Q -> Sayac zoom/OCR testini baslat (gercek kazi saldirisi olmadan; esik 20sn, 5 dogrulama, sonra ekran ortasina tiklar)
2026-09-12 00:10:11,833 [INFO]   U -> Sv.NN/Zombi Patronu OCR gri alan taramasini kaydet (paylas.png arama bolgesinin de ekran goruntusunu alir)
2026-09-12 00:10:11,833 [INFO]   L -> Kazi sayac modunu ac/kapat (acikken kazi sonundaki 60sn bekle+240sn tikla yerine, sayac 30sn altina ust uste 5 kez dogrulandiginda 40sn boyunca saniyede 10 tiklama yapilir; L kapaliyken kazi normal sureciyle calisir)
2026-09-12 00:10:11,834 [INFO] Oyun penceresi zaten acik; baslangic tiklamalari atlandi.
2026-09-12 00:10:19,500 [INFO] Oyun zaten acikti; baslangic tiklamalari atlandi.
2026-09-12 00:10:19,504 [INFO] Bot calisiyor. Durdurmak icin S basin.
2026-09-12 00:10:19,574 [INFO] Oyun kontrolu icin ESC basildi (100 saniye aralikla).
2026-09-12 00:10:20,410 [INFO] R -> Uyari/Arti taramasi: acik
2026-09-12 00:10:57,226 [INFO] 
[UYARI BULUNDU] Tiklandi -> (1657, 613)
2026-09-12 00:10:58,290 [INFO] [RALLI BULUNDU] Ekran acildi.
2026-09-12 00:10:58,644 [INFO] --- [SATIR 1] OCR METNI OKUNDU:
ZombiPatronu
-----------------------
2026-09-12 00:10:58,644 [INFO] --- [SATIR 1] OCR SEVIYE SATIRI OKUNDU: '5v69'
2026-09-12 00:10:58,644 [INFO] [DEBUG OCR TEMIZ METIN]: 'zombipatronu'
2026-09-12 00:10:58,644 [INFO] [DEBUG OCR SEVIYE] Okunan seviye: 69
2026-09-12 00:10:58,644 [INFO] [OCR RED] Seviye 69 >= 56, hedef uygun degil.
2026-09-12 00:10:58,644 [INFO] [SATIR 1] Kosul saglanmadi, sonraki satira geciliyor.
2026-09-12 00:10:58,968 [INFO] --- [SATIR 2] OCR METNI OKUNDU:
MA
-----------------------
2026-09-12 00:10:58,968 [INFO] --- [SATIR 2] OCR SEVIYE SATIRI OKUNDU: ''
2026-09-12 00:10:58,969 [INFO] [DEBUG OCR TEMIZ METIN]: 'ma'
2026-09-12 00:10:58,969 [INFO] [OCR RED] 'zombi patronu' metinde yok (bsenzerlik=0.29): 'ma'
2026-09-12 00:10:58,969 [INFO] [SATIR 2] Kosul saglanmadi, sonraki satira geciliyor.
2026-09-12 00:10:59,097 [INFO] [KOSUL SAGLANMADI] Hicbir satir uygun degil, ESC basildi.
2026-09-12 00:11:00,772 [INFO] 
[UYARI BULUNDU] Tiklandi -> (1657, 613)
2026-09-12 00:11:01,823 [INFO] [RALLI BULUNDU] Ekran acildi.
2026-09-12 00:11:02,180 [INFO] --- [SATIR 1] OCR METNI OKUNDU:
ZombiPatronu
-----------------------
2026-09-12 00:11:02,180 [INFO] --- [SATIR 1] OCR SEVIYE SATIRI OKUNDU: '5v69'
2026-09-12 00:11:02,180 [INFO] [DEBUG OCR TEMIZ METIN]: 'zombipatronu'
2026-09-12 00:11:02,180 [INFO] [DEBUG OCR SEVIYE] Okunan seviye: 69
2026-09-12 00:11:02,180 [INFO] [OCR RED] Seviye 69 >= 56, hedef uygun degil.
2026-09-12 00:11:02,180 [INFO] [SATIR 1] Kosul saglanmadi, sonraki satira geciliyor.
2026-09-12 00:11:02,506 [INFO] --- [SATIR 2] OCR METNI OKUNDU:
MA
-----------------------
2026-09-12 00:11:02,506 [INFO] --- [SATIR 2] OCR SEVIYE SATIRI OKUNDU: ''
2026-09-12 00:11:02,506 [INFO] [DEBUG OCR TEMIZ METIN]: 'ma'
2026-09-12 00:11:02,506 [INFO] [OCR RED] 'zombi patronu' metinde yok (bsenzerlik=0.29): 'ma'
2026-09-12 00:11:02,506 [INFO] [SATIR 2] Kosul saglanmadi, sonraki satira geciliyor.
2026-09-12 00:11:02,630 [INFO] [KOSUL SAGLANMADI] Hicbir satir uygun degil, ESC basildi.
2026-09-12 00:11:04,311 [INFO] 
[UYARI BULUNDU] Tiklandi -> (1657, 613)
2026-09-12 00:11:05,376 [INFO] [RALLI BULUNDU] Ekran acildi.
2026-09-12 00:11:05,719 [INFO] --- [SATIR 1] OCR METNI OKUNDU:
ZombiPatronu
-----------------------
2026-09-12 00:11:05,719 [INFO] --- [SATIR 1] OCR SEVIYE SATIRI OKUNDU: '5v69'
2026-09-12 00:11:05,719 [INFO] [DEBUG OCR TEMIZ METIN]: 'zombipatronu'
2026-09-12 00:11:05,719 [INFO] [DEBUG OCR SEVIYE] Okunan seviye: 69
2026-09-12 00:11:05,719 [INFO] [OCR RED] Seviye 69 >= 56, hedef uygun degil.
2026-09-12 00:11:05,719 [INFO] [SATIR 1] Kosul saglanmadi, sonraki satira geciliyor.
2026-09-12 00:11:06,035 [INFO] --- [SATIR 2] OCR METNI OKUNDU:
MA
-----------------------
2026-09-12 00:11:06,035 [INFO] --- [SATIR 2] OCR SEVIYE SATIRI OKUNDU: ''
2026-09-12 00:11:06,035 [INFO] [DEBUG OCR TEMIZ METIN]: 'ma'
2026-09-12 00:11:06,035 [INFO] [OCR RED] 'zombi patronu' metinde yok (bsenzerlik=0.29): 'ma'
2026-09-12 00:11:06,035 [INFO] [SATIR 2] Kosul saglanmadi, sonraki satira geciliyor.
2026-09-12 00:11:06,162 [INFO] [KOSUL SAGLANMADI] Hicbir satir uygun degil, ESC basildi.
2026-09-12 00:11:07,839 [INFO] 
[UYARI BULUNDU] Tiklandi -> (1657, 613)
2026-09-12 00:11:08,889 [INFO] [RALLI BULUNDU] Ekran acildi.
2026-09-12 00:11:09,225 [INFO] --- [SATIR 1] OCR METNI OKUNDU:
ZombiPatronu
-----------------------
2026-09-12 00:11:09,225 [INFO] --- [SATIR 1] OCR SEVIYE SATIRI OKUNDU: '5v69'
2026-09-12 00:11:09,225 [INFO] [DEBUG OCR TEMIZ METIN]: 'zombipatronu'
2026-09-12 00:11:09,225 [INFO] [DEBUG OCR SEVIYE] Okunan seviye: 69
2026-09-12 00:11:09,225 [INFO] [OCR RED] Seviye 69 >= 56, hedef uygun degil.
2026-09-12 00:11:09,225 [INFO] [SATIR 1] Kosul saglanmadi, sonraki satira geciliyor.
2026-09-12 00:11:09,535 [INFO] --- [SATIR 2] OCR METNI OKUNDU:
MA
-----------------------
2026-09-12 00:11:09,536 [INFO] --- [SATIR 2] OCR SEVIYE SATIRI OKUNDU: ''
2026-09-12 00:11:09,536 [INFO] [DEBUG OCR TEMIZ METIN]: 'ma'
2026-09-12 00:11:09,536 [INFO] [OCR RED] 'zombi patronu' metinde yok (bsenzerlik=0.29): 'ma'
2026-09-12 00:11:09,536 [INFO] [SATIR 2] Kosul saglanmadi, sonraki satira geciliyor.
2026-09-12 00:11:09,661 [INFO] [KOSUL SAGLANMADI] Hicbir satir uygun degil, ESC basildi.
2026-09-12 00:11:11,359 [INFO] 
[UYARI BULUNDU] Tiklandi -> (1657, 613)
2026-09-12 00:11:12,426 [INFO] [RALLI BULUNDU] Ekran acildi.
2026-09-12 00:11:12,769 [INFO] --- [SATIR 1] OCR METNI OKUNDU:
ZombiPatronu
-----------------------
2026-09-12 00:11:12,769 [INFO] --- [SATIR 1] OCR SEVIYE SATIRI OKUNDU: '5v69'
2026-09-12 00:11:12,769 [INFO] [DEBUG OCR TEMIZ METIN]: 'zombipatronu'
2026-09-12 00:11:12,769 [INFO] [DEBUG OCR SEVIYE] Okunan seviye: 69
2026-09-12 00:11:12,769 [INFO] [OCR RED] Seviye 69 >= 56, hedef uygun degil.
2026-09-12 00:11:12,769 [INFO] [SATIR 1] Kosul saglanmadi, sonraki satira geciliyor.
2026-09-12 00:11:13,085 [INFO] --- [SATIR 2] OCR METNI OKUNDU:
MA
-----------------------
2026-09-12 00:11:13,085 [INFO] --- [SATIR 2] OCR SEVIYE SATIRI OKUNDU: ''
2026-09-12 00:11:13,085 [INFO] [DEBUG OCR TEMIZ METIN]: 'ma'
2026-09-12 00:11:13,085 [INFO] [OCR RED] 'zombi patronu' metinde yok (bsenzerlik=0.29): 'ma'
2026-09-12 00:11:13,085 [INFO] [SATIR 2] Kosul saglanmadi, sonraki satira geciliyor.
2026-09-12 00:11:13,217 [INFO] [KOSUL SAGLANMADI] Hicbir satir uygun degil, ESC basildi.
2026-09-12 00:11:14,859 [INFO] 
[UYARI BULUNDU] Tiklandi -> (1657, 613)
2026-09-12 00:11:15,691 [INFO] S -> bot durduruluyor...
2026-09-12 00:11:15,925 [INFO] [RALLI BULUNDU] Ekran acildi.
2026-09-12 00:11:16,256 [INFO] --- [SATIR 1] OCR METNI OKUNDU:
ZombiPatronu
-----------------------
2026-09-12 00:11:16,257 [INFO] --- [SATIR 1] OCR SEVIYE SATIRI OKUNDU: '5v69'
2026-09-12 00:11:16,257 [INFO] [DEBUG OCR TEMIZ METIN]: 'zombipatronu'
2026-09-12 00:11:16,257 [INFO] [DEBUG OCR SEVIYE] Okunan seviye: 69
2026-09-12 00:11:16,257 [INFO] [OCR RED] Seviye 69 >= 56, hedef uygun degil.
2026-09-12 00:11:16,257 [INFO] [SATIR 1] Kosul saglanmadi, sonraki satira geciliyor.
2026-09-12 00:11:16,571 [INFO] --- [SATIR 2] OCR METNI OKUNDU:
MA
-----------------------
2026-09-12 00:11:16,571 [INFO] --- [SATIR 2] OCR SEVIYE SATIRI OKUNDU: ''
2026-09-12 00:11:16,571 [INFO] [DEBUG OCR TEMIZ METIN]: 'ma'
2026-09-12 00:11:16,571 [INFO] [OCR RED] 'zombi patronu' metinde yok (bsenzerlik=0.29): 'ma'
2026-09-12 00:11:16,571 [INFO] [SATIR 2] Kosul saglanmadi, sonraki satira geciliyor.
2026-09-12 00:11:16,688 [INFO] [KOSUL SAGLANMADI] Hicbir satir uygun degil, ESC basildi.
2026-09-12 00:11:16,688 [INFO] Bot basariyla sonlandirildi.
2026-09-12 00:15:12,076 [INFO] Tasinabilir Tesseract kullaniliyor: C:\Users\erdem\OneDrive\Desktop\lastWarBotNew\tesseract_bin\tesseract.exe
2026-09-12 00:15:12,076 [INFO] Konsol penceresi (3650, 0) konumuna, 190x1000 boyutuna tasindi.
2026-09-12 00:15:12,076 [INFO] Kisayollar:
2026-09-12 00:15:12,077 [INFO]   S -> botu durdur
2026-09-12 00:15:12,077 [INFO]   J -> sonraki mouse tiklamasinin pikselini logla
2026-09-12 00:15:12,077 [INFO]   O -> metin bolgesini tara ve logla
2026-09-12 00:15:12,077 [INFO]   T -> kirmizi alanli tarama ekran goruntusunu ac/kapat
2026-09-12 00:15:12,077 [INFO]   E -> 100 saniyelik ESC dongusunu ac/kapat
2026-09-12 00:15:12,077 [INFO]   R -> Uyari ve Arti taramasini ac/kapat
2026-09-12 00:15:12,078 [INFO]   P -> Tren taramasini ac/kapat
2026-09-12 00:15:12,078 [INFO]   A -> Hastane/Yardim/Asker taramasini ac/kapat (varsayilan kapali)
2026-09-12 00:15:12,078 [INFO]   Q -> Sayac zoom/OCR testini baslat (gercek kazi saldirisi olmadan; esik 20sn, 5 dogrulama, sonra ekran ortasina tiklar)
2026-09-12 00:15:12,078 [INFO]   U -> Sv.NN/Zombi Patronu OCR gri alan taramasini kaydet (paylas.png arama bolgesinin de ekran goruntusunu alir)
2026-09-12 00:15:12,078 [INFO]   L -> Kazi sayac modunu ac/kapat (acikken kazi sonundaki 60sn bekle+240sn tikla yerine, sayac 30sn altina ust uste 5 kez dogrulandiginda 40sn boyunca saniyede 10 tiklama yapilir; L kapaliyken kazi normal sureciyle calisir)
2026-09-12 00:15:12,079 [INFO] Oyun penceresi zaten acik; baslangic tiklamalari atlandi.
2026-09-12 00:15:19,917 [INFO] Oyun zaten acikti; baslangic tiklamalari atlandi.
2026-09-12 00:15:19,921 [INFO] Bot calisiyor. Durdurmak icin S basin.
2026-09-12 00:15:19,994 [INFO] Oyun kontrolu icin ESC basildi (100 saniye aralikla).
2026-09-12 00:15:21,814 [INFO] R -> Uyari/Arti taramasi: acik
2026-09-12 00:15:37,596 [INFO] 
[UYARI BULUNDU] Tiklandi -> (1657, 613)
2026-09-12 00:15:38,665 [INFO] [RALLI BULUNDU] Ekran acildi.
2026-09-12 00:15:39,059 [INFO] --- [SATIR 1] OCR METNI OKUNDU:
ZombiPatronu
-----------------------
2026-09-12 00:15:39,060 [INFO] --- [SATIR 1] OCR SEVIYE SATIRI OKUNDU: 'S5v451'
2026-09-12 00:15:39,060 [INFO] [DEBUG OCR TEMIZ METIN]: 'zombipatronu'
2026-09-12 00:15:39,060 [INFO] [DEBUG OCR SEVIYE] Okunan seviye: 45
2026-09-12 00:15:39,061 [INFO] [OCR ONAY] 'zombi patronu' bulundu ve seviye 45 < 56, hedef uygun.
2026-09-12 00:15:39,128 [INFO] [SABLON SKORU] arti.png (satir 1): en iyi skor=0.9908154010772705, esik=0.55
2026-09-12 00:15:39,229 [INFO] [SATIR 1] ARTI BULUNDU] Merkeze tiklandi -> (865, 305)
2026-09-12 00:15:40,330 [INFO] Saldirma tiklamasi: (856, 746)
2026-09-12 00:15:40,331 [INFO] ⚔️ [SATIR 1] SALDIRI tetiklendi.
2026-09-12 00:15:40,957 [INFO] [SATIR 1] Saldiridan 0.5sn sonra ESC basildi.
2026-09-12 00:15:52,377 [INFO] [GUVENLIK] Ralli ekrani 5 saniyeden uzun suredir acik; ESC basildi.
2026-09-12 00:16:37,683 [INFO] 
[UYARI BULUNDU] Tiklandi -> (1657, 613)
2026-09-12 00:16:38,745 [INFO] [RALLI BULUNDU] Ekran acildi.
2026-09-12 00:16:39,087 [INFO] --- [SATIR 1] OCR METNI OKUNDU:
ZombiPatronu
-----------------------
2026-09-12 00:16:39,087 [INFO] --- [SATIR 1] OCR SEVIYE SATIRI OKUNDU: 'Sv55'
2026-09-12 00:16:39,087 [INFO] [DEBUG OCR TEMIZ METIN]: 'zombipatronu'
2026-09-12 00:16:39,088 [INFO] [DEBUG OCR SEVIYE] Okunan seviye: 55
2026-09-12 00:16:39,088 [INFO] [OCR ONAY] 'zombi patronu' bulundu ve seviye 55 < 56, hedef uygun.
2026-09-12 00:16:39,145 [INFO] [SABLON SKORU] arti.png (satir 1): en iyi skor=0.9908154010772705, esik=0.55
2026-09-12 00:16:39,246 [INFO] [SATIR 1] ARTI BULUNDU] Merkeze tiklandi -> (865, 305)
2026-09-12 00:16:40,348 [INFO] Saldirma tiklamasi: (856, 746)
2026-09-12 00:16:40,348 [INFO] ⚔️ [SATIR 1] SALDIRI tetiklendi.
2026-09-12 00:16:40,977 [INFO] [SATIR 1] Saldiridan 0.5sn sonra ESC basildi.
2026-09-12 00:17:01,219 [INFO] Oyun kontrolu icin ESC basildi (100 saniye aralikla).
2026-09-12 00:17:02,901 [INFO] oyundanCikNew.png bulundu; ESC basildi.
2026-09-12 00:18:01,539 [INFO] 
[UYARI BULUNDU] Tiklandi -> (1657, 613)
2026-09-12 00:18:02,602 [INFO] [RALLI BULUNDU] Ekran acildi.
2026-09-12 00:18:02,941 [INFO] --- [SATIR 1] OCR METNI OKUNDU:
ZombiPatronu
-----------------------
2026-09-12 00:18:02,941 [INFO] --- [SATIR 1] OCR SEVIYE SATIRI OKUNDU: 'S5v451'
2026-09-12 00:18:02,941 [INFO] [DEBUG OCR TEMIZ METIN]: 'zombipatronu'
2026-09-12 00:18:02,941 [INFO] [DEBUG OCR SEVIYE] Okunan seviye: 45
2026-09-12 00:18:02,941 [INFO] [OCR ONAY] 'zombi patronu' bulundu ve seviye 45 < 56, hedef uygun.
2026-09-12 00:18:03,002 [INFO] [SABLON SKORU] arti.png (satir 1): en iyi skor=0.9908154010772705, esik=0.55
2026-09-12 00:18:03,104 [INFO] [SATIR 1] ARTI BULUNDU] Merkeze tiklandi -> (865, 305)
2026-09-12 00:18:04,206 [INFO] Saldirma tiklamasi: (856, 746)
2026-09-12 00:18:04,206 [INFO] ⚔️ [SATIR 1] SALDIRI tetiklendi.
2026-09-12 00:18:04,836 [INFO] [SATIR 1] Saldiridan 0.5sn sonra ESC basildi.
2026-09-12 00:18:18,856 [INFO] 
[UYARI BULUNDU] Tiklandi -> (1657, 613)
2026-09-12 00:18:19,920 [INFO] [RALLI BULUNDU] Ekran acildi.
2026-09-12 00:18:20,251 [INFO] --- [SATIR 1] OCR METNI OKUNDU:
ZombiPatronu
-----------------------
2026-09-12 00:18:20,252 [INFO] --- [SATIR 1] OCR SEVIYE SATIRI OKUNDU: 'S5v451'
2026-09-12 00:18:20,252 [INFO] [DEBUG OCR TEMIZ METIN]: 'zombipatronu'
2026-09-12 00:18:20,252 [INFO] [DEBUG OCR SEVIYE] Okunan seviye: 45
2026-09-12 00:18:20,252 [INFO] [OCR ONAY] 'zombi patronu' bulundu ve seviye 45 < 56, hedef uygun.
2026-09-12 00:18:20,302 [INFO] [SABLON SKORU] arti.png (satir 1): en iyi skor=0.9908154010772705, esik=0.55
2026-09-12 00:18:20,403 [INFO] [SATIR 1] ARTI BULUNDU] Merkeze tiklandi -> (865, 305)
2026-09-12 00:18:21,505 [INFO] Saldirma tiklamasi: (856, 746)
2026-09-12 00:18:21,505 [INFO] ⚔️ [SATIR 1] SALDIRI tetiklendi.
2026-09-12 00:18:22,140 [INFO] [SATIR 1] Saldiridan 0.5sn sonra ESC basildi.
2026-09-12 00:18:44,105 [INFO] Oyun kontrolu icin ESC basildi (100 saniye aralikla).
2026-09-12 00:18:45,792 [INFO] oyundanCikNew.png bulundu; ESC basildi.
2026-09-12 00:19:33,795 [INFO] 
[UYARI BULUNDU] Tiklandi -> (1657, 613)
2026-09-12 00:19:34,858 [INFO] [RALLI BULUNDU] Ekran acildi.
2026-09-12 00:19:35,194 [INFO] --- [SATIR 1] OCR METNI OKUNDU:
ZombiPatronu
-----------------------
2026-09-12 00:19:35,194 [INFO] --- [SATIR 1] OCR SEVIYE SATIRI OKUNDU: 'Sv15'
2026-09-12 00:19:35,194 [INFO] [DEBUG OCR TEMIZ METIN]: 'zombipatronu'
2026-09-12 00:19:35,194 [INFO] [DEBUG OCR SEVIYE] Okunan seviye: 15
2026-09-12 00:19:35,194 [INFO] [OCR ONAY] 'zombi patronu' bulundu ve seviye 15 < 56, hedef uygun.
2026-09-12 00:19:35,258 [INFO] [SABLON SKORU] arti.png (satir 1): en iyi skor=0.9908154010772705, esik=0.55
2026-09-12 00:19:35,359 [INFO] [SATIR 1] ARTI BULUNDU] Merkeze tiklandi -> (865, 305)
2026-09-12 00:19:36,461 [INFO] Saldirma tiklamasi: (856, 746)
2026-09-12 00:19:36,462 [INFO] ⚔️ [SATIR 1] SALDIRI tetiklendi.
2026-09-12 00:19:37,082 [INFO] [SATIR 1] Saldiridan 0.5sn sonra ESC basildi.
2026-09-12 00:19:38,726 [INFO] 
[UYARI BULUNDU] Tiklandi -> (1657, 613)
2026-09-12 00:19:39,778 [INFO] [RALLI BULUNDU] Ekran acildi.
2026-09-12 00:19:40,144 [INFO] --- [SATIR 1] OCR METNI OKUNDU:
ZombiPatronu
-----------------------
2026-09-12 00:19:40,145 [INFO] --- [SATIR 1] OCR SEVIYE SATIRI OKUNDU: 'S5v25'
2026-09-12 00:19:40,145 [INFO] [DEBUG OCR TEMIZ METIN]: 'zombipatronu'
2026-09-12 00:19:40,145 [INFO] [DEBUG OCR SEVIYE] Okunan seviye: 25
2026-09-12 00:19:40,145 [INFO] [OCR ONAY] 'zombi patronu' bulundu ve seviye 25 < 56, hedef uygun.
2026-09-12 00:19:40,208 [INFO] [SABLON SKORU] arti.png (satir 1): en iyi skor=0.9908154010772705, esik=0.55
2026-09-12 00:19:40,310 [INFO] [SATIR 1] ARTI BULUNDU] Merkeze tiklandi -> (865, 305)
2026-09-12 00:19:41,412 [INFO] Saldirma tiklamasi: (856, 746)
2026-09-12 00:19:41,412 [INFO] ⚔️ [SATIR 1] SALDIRI tetiklendi.
2026-09-12 00:19:42,037 [INFO] [SATIR 1] Saldiridan 0.5sn sonra ESC basildi.
2026-09-12 00:20:26,946 [INFO] Oyun kontrolu icin ESC basildi (100 saniye aralikla).
2026-09-12 00:20:28,631 [INFO] oyundanCikNew.png bulundu; ESC basildi.
2026-09-12 00:20:30,313 [INFO] oyundanCikNew.png bulundu; ESC basildi.
2026-09-12 00:20:56,617 [INFO] 
[UYARI BULUNDU] Tiklandi -> (1657, 613)
2026-09-12 00:20:57,679 [INFO] [RALLI BULUNDU] Ekran acildi.
2026-09-12 00:20:58,023 [INFO] --- [SATIR 1] OCR METNI OKUNDU:
ZombiPatronu
-----------------------
2026-09-12 00:20:58,023 [INFO] --- [SATIR 1] OCR SEVIYE SATIRI OKUNDU: 'S5v451'
2026-09-12 00:20:58,023 [INFO] [DEBUG OCR TEMIZ METIN]: 'zombipatronu'
2026-09-12 00:20:58,023 [INFO] [DEBUG OCR SEVIYE] Okunan seviye: 45
2026-09-12 00:20:58,023 [INFO] [OCR ONAY] 'zombi patronu' bulundu ve seviye 45 < 56, hedef uygun.
2026-09-12 00:20:58,080 [INFO] [SABLON SKORU] arti.png (satir 1): en iyi skor=0.9908154010772705, esik=0.55
2026-09-12 00:20:58,181 [INFO] [SATIR 1] ARTI BULUNDU] Merkeze tiklandi -> (865, 305)
2026-09-12 00:20:59,282 [INFO] Saldirma tiklamasi: (856, 746)
2026-09-12 00:20:59,283 [INFO] ⚔️ [SATIR 1] SALDIRI tetiklendi.
2026-09-12 00:20:59,910 [INFO] [SATIR 1] Saldiridan 0.5sn sonra ESC basildi.
2026-09-12 00:22:10,534 [INFO] Oyun kontrolu icin ESC basildi (100 saniye aralikla).
2026-09-12 00:23:50,801 [INFO] Oyun kontrolu icin ESC basildi (100 saniye aralikla).
2026-09-12 00:25:31,021 [INFO] Oyun kontrolu icin ESC basildi (100 saniye aralikla).
2026-09-12 00:27:11,261 [INFO] Oyun kontrolu icin ESC basildi (100 saniye aralikla).
2026-09-12 00:28:51,736 [INFO] Oyun kontrolu icin ESC basildi (100 saniye aralikla).
2026-09-12 00:30:32,158 [INFO] Oyun kontrolu icin ESC basildi (100 saniye aralikla).
2026-09-12 00:32:12,650 [INFO] Oyun kontrolu icin ESC basildi (100 saniye aralikla).
2026-09-12 00:33:53,333 [INFO] Oyun kontrolu icin ESC basildi (100 saniye aralikla).
2026-09-12 00:35:33,627 [INFO] Oyun kontrolu icin ESC basildi (100 saniye aralikla).
2026-09-12 00:37:14,276 [INFO] Oyun kontrolu icin ESC basildi (100 saniye aralikla).
2026-09-12 00:38:54,900 [INFO] Oyun kontrolu icin ESC basildi (100 saniye aralikla).
2026-09-12 00:40:35,517 [INFO] Oyun kontrolu icin ESC basildi (100 saniye aralikla).
2026-09-12 00:42:15,906 [INFO] Oyun kontrolu icin ESC basildi (100 saniye aralikla).
2026-09-12 00:43:56,175 [INFO] Oyun kontrolu icin ESC basildi (100 saniye aralikla).
2026-09-12 00:45:36,487 [INFO] Oyun kontrolu icin ESC basildi (100 saniye aralikla).
2026-09-12 00:47:16,839 [INFO] Oyun kontrolu icin ESC basildi (100 saniye aralikla).
2026-09-12 00:48:57,331 [INFO] Oyun kontrolu icin ESC basildi (100 saniye aralikla).
2026-09-12 00:50:37,823 [INFO] Oyun kontrolu icin ESC basildi (100 saniye aralikla).
2026-09-12 00:52:18,608 [INFO] Oyun kontrolu icin ESC basildi (100 saniye aralikla).
2026-09-12 00:53:59,240 [INFO] Oyun kontrolu icin ESC basildi (100 saniye aralikla).
2026-09-12 00:55:39,868 [INFO] Oyun kontrolu icin ESC basildi (100 saniye aralikla).
2026-09-12 00:57:20,468 [INFO] Oyun kontrolu icin ESC basildi (100 saniye aralikla).
2026-09-12 00:59:01,178 [INFO] Oyun kontrolu icin ESC basildi (100 saniye aralikla).
2026-09-12 01:00:41,975 [INFO] Oyun kontrolu icin ESC basildi (100 saniye aralikla).
2026-09-12 01:02:22,587 [INFO] Oyun kontrolu icin ESC basildi (100 saniye aralikla).
2026-09-12 01:04:03,102 [INFO] Oyun kontrolu icin ESC basildi (100 saniye aralikla).
2026-09-12 01:05:43,645 [INFO] Oyun kontrolu icin ESC basildi (100 saniye aralikla).
2026-09-12 01:07:24,164 [INFO] Oyun kontrolu icin ESC basildi (100 saniye aralikla).
2026-09-12 01:09:04,391 [INFO] Oyun kontrolu icin ESC basildi (100 saniye aralikla).
2026-09-12 01:10:44,649 [INFO] Oyun kontrolu icin ESC basildi (100 saniye aralikla).
2026-09-12 01:12:24,947 [INFO] Oyun kontrolu icin ESC basildi (100 saniye aralikla).
2026-09-12 01:14:05,183 [INFO] Oyun kontrolu icin ESC basildi (100 saniye aralikla).
2026-09-12 01:15:45,448 [INFO] Oyun kontrolu icin ESC basildi (100 saniye aralikla).
2026-09-12 01:17:25,700 [INFO] Oyun kontrolu icin ESC basildi (100 saniye aralikla).
2026-09-12 01:19:05,952 [INFO] Oyun kontrolu icin ESC basildi (100 saniye aralikla).
2026-09-12 01:20:46,189 [INFO] Oyun kontrolu icin ESC basildi (100 saniye aralikla).
2026-09-12 01:22:26,392 [INFO] Oyun kontrolu icin ESC basildi (100 saniye aralikla).
2026-09-12 01:24:06,595 [INFO] Oyun kontrolu icin ESC basildi (100 saniye aralikla).
2026-09-12 01:25:46,804 [INFO] Oyun kontrolu icin ESC basildi (100 saniye aralikla).
2026-09-12 01:27:27,151 [INFO] Oyun kontrolu icin ESC basildi (100 saniye aralikla).
2026-09-12 01:29:07,454 [INFO] Oyun kontrolu icin ESC basildi (100 saniye aralikla).
2026-09-12 01:30:47,672 [INFO] Oyun kontrolu icin ESC basildi (100 saniye aralikla).
2026-09-12 01:32:27,802 [INFO] Oyun kontrolu icin ESC basildi (100 saniye aralikla).
2026-09-12 01:34:07,994 [INFO] Oyun kontrolu icin ESC basildi (100 saniye aralikla).
2026-09-12 01:35:48,306 [INFO] Oyun kontrolu icin ESC basildi (100 saniye aralikla).
2026-09-12 01:37:28,636 [INFO] Oyun kontrolu icin ESC basildi (100 saniye aralikla).
2026-09-12 01:39:09,035 [INFO] Oyun kontrolu icin ESC basildi (100 saniye aralikla).
2026-09-12 01:40:49,468 [INFO] Oyun kontrolu icin ESC basildi (100 saniye aralikla).
2026-09-12 01:42:29,933 [INFO] Oyun kontrolu icin ESC basildi (100 saniye aralikla).
2026-09-12 01:44:10,414 [INFO] Oyun kontrolu icin ESC basildi (100 saniye aralikla).
2026-09-12 01:45:50,821 [INFO] Oyun kontrolu icin ESC basildi (100 saniye aralikla).
2026-09-12 01:47:31,265 [INFO] Oyun kontrolu icin ESC basildi (100 saniye aralikla).
2026-09-12 01:49:11,585 [INFO] Oyun kontrolu icin ESC basildi (100 saniye aralikla).
2026-09-12 01:50:51,882 [INFO] Oyun kontrolu icin ESC basildi (100 saniye aralikla).
2026-09-12 01:52:32,160 [INFO] Oyun kontrolu icin ESC basildi (100 saniye aralikla).
2026-09-12 01:54:12,382 [INFO] Oyun kontrolu icin ESC basildi (100 saniye aralikla).
2026-09-12 01:55:52,622 [INFO] Oyun kontrolu icin ESC basildi (100 saniye aralikla).
2026-09-12 01:57:32,896 [INFO] Oyun kontrolu icin ESC basildi (100 saniye aralikla).
2026-09-12 01:59:13,155 [INFO] Oyun kontrolu icin ESC basildi (100 saniye aralikla).
2026-09-12 02:00:53,414 [INFO] Oyun kontrolu icin ESC basildi (100 saniye aralikla).
2026-09-12 02:02:33,618 [INFO] Oyun kontrolu icin ESC basildi (100 saniye aralikla).
2026-09-12 02:04:13,961 [INFO] Oyun kontrolu icin ESC basildi (100 saniye aralikla).
2026-09-12 02:05:54,324 [INFO] Oyun kontrolu icin ESC basildi (100 saniye aralikla).
2026-09-12 02:07:34,714 [INFO] Oyun kontrolu icin ESC basildi (100 saniye aralikla).
2026-09-12 02:09:15,287 [INFO] Oyun kontrolu icin ESC basildi (100 saniye aralikla).
2026-09-12 02:10:56,119 [INFO] Oyun kontrolu icin ESC basildi (100 saniye aralikla).
2026-09-12 02:12:36,837 [INFO] Oyun kontrolu icin ESC basildi (100 saniye aralikla).
2026-09-12 02:14:17,213 [INFO] Oyun kontrolu icin ESC basildi (100 saniye aralikla).
2026-09-12 02:15:57,586 [INFO] Oyun kontrolu icin ESC basildi (100 saniye aralikla).
2026-09-12 02:17:38,092 [INFO] Oyun kontrolu icin ESC basildi (100 saniye aralikla).
2026-09-12 02:19:18,516 [INFO] Oyun kontrolu icin ESC basildi (100 saniye aralikla).
2026-09-12 02:20:58,864 [INFO] Oyun kontrolu icin ESC basildi (100 saniye aralikla).
2026-09-12 02:22:39,247 [INFO] Oyun kontrolu icin ESC basildi (100 saniye aralikla).
2026-09-12 02:24:19,613 [INFO] Oyun kontrolu icin ESC basildi (100 saniye aralikla).
2026-09-12 02:25:59,943 [INFO] Oyun kontrolu icin ESC basildi (100 saniye aralikla).
2026-09-12 02:27:40,345 [INFO] Oyun kontrolu icin ESC basildi (100 saniye aralikla).
2026-09-12 02:29:20,706 [INFO] Oyun kontrolu icin ESC basildi (100 saniye aralikla).
2026-09-12 02:31:01,018 [INFO] Oyun kontrolu icin ESC basildi (100 saniye aralikla).
2026-09-12 02:32:41,361 [INFO] Oyun kontrolu icin ESC basildi (100 saniye aralikla).
2026-09-12 02:34:21,770 [INFO] Oyun kontrolu icin ESC basildi (100 saniye aralikla).
2026-09-12 02:36:02,177 [INFO] Oyun kontrolu icin ESC basildi (100 saniye aralikla).
2026-09-12 02:37:42,609 [INFO] Oyun kontrolu icin ESC basildi (100 saniye aralikla).
2026-09-12 02:39:22,938 [INFO] Oyun kontrolu icin ESC basildi (100 saniye aralikla).
2026-09-12 02:41:03,296 [INFO] Oyun kontrolu icin ESC basildi (100 saniye aralikla).
2026-09-12 02:42:43,643 [INFO] Oyun kontrolu icin ESC basildi (100 saniye aralikla).
2026-09-12 02:44:23,970 [INFO] Oyun kontrolu icin ESC basildi (100 saniye aralikla).
2026-09-12 02:46:04,277 [INFO] Oyun kontrolu icin ESC basildi (100 saniye aralikla).
2026-09-12 02:47:44,606 [INFO] Oyun kontrolu icin ESC basildi (100 saniye aralikla).
2026-09-12 02:49:25,098 [INFO] Oyun kontrolu icin ESC basildi (100 saniye aralikla).
2026-09-12 02:51:05,457 [INFO] Oyun kontrolu icin ESC basildi (100 saniye aralikla).
2026-09-12 02:52:45,766 [INFO] Oyun kontrolu icin ESC basildi (100 saniye aralikla).
2026-09-12 02:54:26,159 [INFO] Oyun kontrolu icin ESC basildi (100 saniye aralikla).
2026-09-12 02:56:06,482 [INFO] Oyun kontrolu icin ESC basildi (100 saniye aralikla).
2026-09-12 02:57:46,713 [INFO] Oyun kontrolu icin ESC basildi (100 saniye aralikla).
2026-09-12 02:59:27,054 [INFO] Oyun kontrolu icin ESC basildi (100 saniye aralikla).
2026-09-12 03:01:07,436 [INFO] Oyun kontrolu icin ESC basildi (100 saniye aralikla).
2026-09-12 03:02:47,843 [INFO] Oyun kontrolu icin ESC basildi (100 saniye aralikla).
2026-09-12 03:04:28,205 [INFO] Oyun kontrolu icin ESC basildi (100 saniye aralikla).
2026-09-12 03:06:08,548 [INFO] Oyun kontrolu icin ESC basildi (100 saniye aralikla).
2026-09-12 03:07:48,988 [INFO] Oyun kontrolu icin ESC basildi (100 saniye aralikla).
2026-09-12 03:09:29,339 [INFO] Oyun kontrolu icin ESC basildi (100 saniye aralikla).
2026-09-12 03:11:09,857 [INFO] Oyun kontrolu icin ESC basildi (100 saniye aralikla).
2026-09-12 03:12:50,238 [INFO] Oyun kontrolu icin ESC basildi (100 saniye aralikla).
2026-09-12 03:14:30,746 [INFO] Oyun kontrolu icin ESC basildi (100 saniye aralikla).
2026-09-12 03:16:11,132 [INFO] Oyun kontrolu icin ESC basildi (100 saniye aralikla).
2026-09-12 03:17:51,550 [INFO] Oyun kontrolu icin ESC basildi (100 saniye aralikla).
2026-09-12 03:19:31,940 [INFO] Oyun kontrolu icin ESC basildi (100 saniye aralikla).
2026-09-12 03:21:12,300 [INFO] Oyun kontrolu icin ESC basildi (100 saniye aralikla).
2026-09-12 03:22:52,709 [INFO] Oyun kontrolu icin ESC basildi (100 saniye aralikla).
2026-09-12 03:24:33,140 [INFO] Oyun kontrolu icin ESC basildi (100 saniye aralikla).
2026-09-12 03:26:13,489 [INFO] Oyun kontrolu icin ESC basildi (100 saniye aralikla).
2026-09-12 03:27:53,738 [INFO] Oyun kontrolu icin ESC basildi (100 saniye aralikla).
2026-09-12 03:29:34,049 [INFO] Oyun kontrolu icin ESC basildi (100 saniye aralikla).
2026-09-12 03:31:14,405 [INFO] Oyun kontrolu icin ESC basildi (100 saniye aralikla).
2026-09-12 03:32:54,805 [INFO] Oyun kontrolu icin ESC basildi (100 saniye aralikla).
2026-09-12 03:34:35,160 [INFO] Oyun kontrolu icin ESC basildi (100 saniye aralikla).
2026-09-12 03:36:15,436 [INFO] Oyun kontrolu icin ESC basildi (100 saniye aralikla).
2026-09-12 03:37:55,929 [INFO] Oyun kontrolu icin ESC basildi (100 saniye aralikla).
2026-09-12 03:39:36,453 [INFO] Oyun kontrolu icin ESC basildi (100 saniye aralikla).
2026-09-12 03:41:16,901 [INFO] Oyun kontrolu icin ESC basildi (100 saniye aralikla).
2026-09-12 03:42:57,194 [INFO] Oyun kontrolu icin ESC basildi (100 saniye aralikla).
2026-09-12 03:44:37,566 [INFO] Oyun kontrolu icin ESC basildi (100 saniye aralikla).
2026-09-12 03:46:17,827 [INFO] Oyun kontrolu icin ESC basildi (100 saniye aralikla).
2026-09-12 03:47:58,223 [INFO] Oyun kontrolu icin ESC basildi (100 saniye aralikla).
2026-09-12 03:49:38,563 [INFO] Oyun kontrolu icin ESC basildi (100 saniye aralikla).
2026-09-12 03:51:18,889 [INFO] Oyun kontrolu icin ESC basildi (100 saniye aralikla).
2026-09-12 03:52:59,303 [INFO] Oyun kontrolu icin ESC basildi (100 saniye aralikla).
2026-09-12 03:54:39,711 [INFO] Oyun kontrolu icin ESC basildi (100 saniye aralikla).
2026-09-12 03:56:20,109 [INFO] Oyun kontrolu icin ESC basildi (100 saniye aralikla).
2026-09-12 03:58:00,430 [INFO] Oyun kontrolu icin ESC basildi (100 saniye aralikla).
2026-09-12 03:59:40,907 [INFO] Oyun kontrolu icin ESC basildi (100 saniye aralikla).
2026-09-12 04:01:21,291 [INFO] Oyun kontrolu icin ESC basildi (100 saniye aralikla).
2026-09-12 04:03:01,732 [INFO] Oyun kontrolu icin ESC basildi (100 saniye aralikla).
2026-09-12 04:04:42,154 [INFO] Oyun kontrolu icin ESC basildi (100 saniye aralikla).
2026-09-12 04:06:22,543 [INFO] Oyun kontrolu icin ESC basildi (100 saniye aralikla).
2026-09-12 04:08:03,082 [INFO] Oyun kontrolu icin ESC basildi (100 saniye aralikla).
2026-09-12 04:09:43,438 [INFO] Oyun kontrolu icin ESC basildi (100 saniye aralikla).
2026-09-12 04:11:23,749 [INFO] Oyun kontrolu icin ESC basildi (100 saniye aralikla).
2026-09-12 04:13:04,099 [INFO] Oyun kontrolu icin ESC basildi (100 saniye aralikla).
2026-09-12 04:14:44,789 [INFO] Oyun kontrolu icin ESC basildi (100 saniye aralikla).
2026-09-12 04:16:25,129 [INFO] Oyun kontrolu icin ESC basildi (100 saniye aralikla).
2026-09-12 04:18:05,502 [INFO] Oyun kontrolu icin ESC basildi (100 saniye aralikla).
2026-09-12 04:19:45,903 [INFO] Oyun kontrolu icin ESC basildi (100 saniye aralikla).
2026-09-12 04:21:26,181 [INFO] Oyun kontrolu icin ESC basildi (100 saniye aralikla).
2026-09-12 04:23:06,542 [INFO] Oyun kontrolu icin ESC basildi (100 saniye aralikla).
2026-09-12 04:24:46,896 [INFO] Oyun kontrolu icin ESC basildi (100 saniye aralikla).
2026-09-12 04:26:27,222 [INFO] Oyun kontrolu icin ESC basildi (100 saniye aralikla).
2026-09-12 04:28:07,560 [INFO] Oyun kontrolu icin ESC basildi (100 saniye aralikla).
2026-09-12 04:29:47,948 [INFO] Oyun kontrolu icin ESC basildi (100 saniye aralikla).
2026-09-12 04:31:28,251 [INFO] Oyun kontrolu icin ESC basildi (100 saniye aralikla).
2026-09-12 04:33:08,652 [INFO] Oyun kontrolu icin ESC basildi (100 saniye aralikla).
2026-09-12 04:34:49,003 [INFO] Oyun kontrolu icin ESC basildi (100 saniye aralikla).
2026-09-12 04:36:29,299 [INFO] Oyun kontrolu icin ESC basildi (100 saniye aralikla).
2026-09-12 04:38:09,598 [INFO] Oyun kontrolu icin ESC basildi (100 saniye aralikla).
2026-09-12 04:39:49,938 [INFO] Oyun kontrolu icin ESC basildi (100 saniye aralikla).
2026-09-12 04:41:30,327 [INFO] Oyun kontrolu icin ESC basildi (100 saniye aralikla).
2026-09-12 04:43:10,687 [INFO] Oyun kontrolu icin ESC basildi (100 saniye aralikla).
2026-09-12 04:44:51,083 [INFO] Oyun kontrolu icin ESC basildi (100 saniye aralikla).
2026-09-12 04:46:31,504 [INFO] Oyun kontrolu icin ESC basildi (100 saniye aralikla).
2026-09-12 04:48:11,901 [INFO] Oyun kontrolu icin ESC basildi (100 saniye aralikla).
2026-09-12 04:49:52,319 [INFO] Oyun kontrolu icin ESC basildi (100 saniye aralikla).
2026-09-12 04:51:32,725 [INFO] Oyun kontrolu icin ESC basildi (100 saniye aralikla).
2026-09-12 04:53:13,056 [INFO] Oyun kontrolu icin ESC basildi (100 saniye aralikla).
2026-09-12 04:54:53,420 [INFO] Oyun kontrolu icin ESC basildi (100 saniye aralikla).
2026-09-12 04:56:33,810 [INFO] Oyun kontrolu icin ESC basildi (100 saniye aralikla).
2026-09-12 04:58:14,258 [INFO] Oyun kontrolu icin ESC basildi (100 saniye aralikla).
2026-09-12 04:59:54,586 [INFO] Oyun kontrolu icin ESC basildi (100 saniye aralikla).
2026-09-12 05:01:34,891 [INFO] Oyun kontrolu icin ESC basildi (100 saniye aralikla).
2026-09-12 05:03:15,303 [INFO] Oyun kontrolu icin ESC basildi (100 saniye aralikla).
2026-09-12 05:04:55,714 [INFO] Oyun kontrolu icin ESC basildi (100 saniye aralikla).
2026-09-12 05:06:36,216 [INFO] Oyun kontrolu icin ESC basildi (100 saniye aralikla).
2026-09-12 05:08:16,633 [INFO] Oyun kontrolu icin ESC basildi (100 saniye aralikla).
2026-09-12 05:09:57,114 [INFO] Oyun kontrolu icin ESC basildi (100 saniye aralikla).
2026-09-12 05:11:38,044 [INFO] Oyun kontrolu icin ESC basildi (100 saniye aralikla).
2026-09-12 05:13:18,778 [INFO] Oyun kontrolu icin ESC basildi (100 saniye aralikla).
2026-09-12 05:14:59,466 [INFO] Oyun kontrolu icin ESC basildi (100 saniye aralikla).
2026-09-12 05:16:39,795 [INFO] Oyun kontrolu icin ESC basildi (100 saniye aralikla).
2026-09-12 05:18:20,109 [INFO] Oyun kontrolu icin ESC basildi (100 saniye aralikla).
2026-09-12 05:20:00,490 [INFO] Oyun kontrolu icin ESC basildi (100 saniye aralikla).
2026-09-12 05:21:40,795 [INFO] Oyun kontrolu icin ESC basildi (100 saniye aralikla).
2026-09-12 05:23:21,120 [INFO] Oyun kontrolu icin ESC basildi (100 saniye aralikla).
2026-09-12 05:25:01,402 [INFO] Oyun kontrolu icin ESC basildi (100 saniye aralikla).
2026-09-12 05:26:41,720 [INFO] Oyun kontrolu icin ESC basildi (100 saniye aralikla).
2026-09-12 05:28:22,063 [INFO] Oyun kontrolu icin ESC basildi (100 saniye aralikla).
2026-09-12 05:30:02,488 [INFO] Oyun kontrolu icin ESC basildi (100 saniye aralikla).
2026-09-12 05:31:42,823 [INFO] Oyun kontrolu icin ESC basildi (100 saniye aralikla).
2026-09-12 05:33:23,127 [INFO] Oyun kontrolu icin ESC basildi (100 saniye aralikla).
2026-09-12 05:35:03,543 [INFO] Oyun kontrolu icin ESC basildi (100 saniye aralikla).
2026-09-12 05:36:43,940 [INFO] Oyun kontrolu icin ESC basildi (100 saniye aralikla).
2026-09-12 05:38:24,290 [INFO] Oyun kontrolu icin ESC basildi (100 saniye aralikla).
2026-09-12 05:40:04,738 [INFO] Oyun kontrolu icin ESC basildi (100 saniye aralikla).
2026-09-12 05:41:45,014 [INFO] Oyun kontrolu icin ESC basildi (100 saniye aralikla).
2026-09-12 05:43:25,360 [INFO] Oyun kontrolu icin ESC basildi (100 saniye aralikla).
2026-09-12 05:45:05,741 [INFO] Oyun kontrolu icin ESC basildi (100 saniye aralikla).
2026-09-12 05:46:46,097 [INFO] Oyun kontrolu icin ESC basildi (100 saniye aralikla).
2026-09-12 05:48:26,488 [INFO] Oyun kontrolu icin ESC basildi (100 saniye aralikla).
2026-09-12 05:50:06,917 [INFO] Oyun kontrolu icin ESC basildi (100 saniye aralikla).
2026-09-12 05:51:47,384 [INFO] Oyun kontrolu icin ESC basildi (100 saniye aralikla).
2026-09-12 05:53:27,769 [INFO] Oyun kontrolu icin ESC basildi (100 saniye aralikla).
2026-09-12 05:55:08,154 [INFO] Oyun kontrolu icin ESC basildi (100 saniye aralikla).
2026-09-12 05:56:48,571 [INFO] Oyun kontrolu icin ESC basildi (100 saniye aralikla).
2026-09-12 05:58:28,988 [INFO] Oyun kontrolu icin ESC basildi (100 saniye aralikla).
2026-09-12 06:00:09,316 [INFO] Oyun kontrolu icin ESC basildi (100 saniye aralikla).
2026-09-12 06:01:49,738 [INFO] Oyun kontrolu icin ESC basildi (100 saniye aralikla).
2026-09-12 06:03:30,140 [INFO] Oyun kontrolu icin ESC basildi (100 saniye aralikla).
2026-09-12 06:05:10,619 [INFO] Oyun kontrolu icin ESC basildi (100 saniye aralikla).
2026-09-12 06:06:50,940 [INFO] Oyun kontrolu icin ESC basildi (100 saniye aralikla).
2026-09-12 06:08:31,395 [INFO] Oyun kontrolu icin ESC basildi (100 saniye aralikla).
2026-09-12 06:10:11,840 [INFO] Oyun kontrolu icin ESC basildi (100 saniye aralikla).
2026-09-12 06:11:52,291 [INFO] Oyun kontrolu icin ESC basildi (100 saniye aralikla).
2026-09-12 06:13:32,710 [INFO] Oyun kontrolu icin ESC basildi (100 saniye aralikla).
2026-09-12 06:15:13,168 [INFO] Oyun kontrolu icin ESC basildi (100 saniye aralikla).
2026-09-12 06:16:53,536 [INFO] Oyun kontrolu icin ESC basildi (100 saniye aralikla).
2026-09-12 06:18:33,920 [INFO] Oyun kontrolu icin ESC basildi (100 saniye aralikla).
2026-09-12 06:20:14,331 [INFO] Oyun kontrolu icin ESC basildi (100 saniye aralikla).
2026-09-12 06:21:54,674 [INFO] Oyun kontrolu icin ESC basildi (100 saniye aralikla).
2026-09-12 06:23:35,113 [INFO] Oyun kontrolu icin ESC basildi (100 saniye aralikla).
2026-09-12 06:25:15,542 [INFO] Oyun kontrolu icin ESC basildi (100 saniye aralikla).
2026-09-12 06:26:55,948 [INFO] Oyun kontrolu icin ESC basildi (100 saniye aralikla).
2026-09-12 06:28:36,547 [INFO] Oyun kontrolu icin ESC basildi (100 saniye aralikla).
2026-09-12 06:30:16,961 [INFO] Oyun kontrolu icin ESC basildi (100 saniye aralikla).
2026-09-12 06:31:57,317 [INFO] Oyun kontrolu icin ESC basildi (100 saniye aralikla).
2026-09-12 06:33:37,647 [INFO] Oyun kontrolu icin ESC basildi (100 saniye aralikla).
2026-09-12 06:35:18,071 [INFO] Oyun kontrolu icin ESC basildi (100 saniye aralikla).
2026-09-12 06:36:58,475 [INFO] Oyun kontrolu icin ESC basildi (100 saniye aralikla).
2026-09-12 06:38:38,935 [INFO] Oyun kontrolu icin ESC basildi (100 saniye aralikla).
2026-09-12 06:40:19,366 [INFO] Oyun kontrolu icin ESC basildi (100 saniye aralikla).
2026-09-12 06:41:59,718 [INFO] Oyun kontrolu icin ESC basildi (100 saniye aralikla).
2026-09-12 06:43:40,114 [INFO] Oyun kontrolu icin ESC basildi (100 saniye aralikla).
2026-09-12 06:45:20,548 [INFO] Oyun kontrolu icin ESC basildi (100 saniye aralikla).
2026-09-12 06:47:00,922 [INFO] Oyun kontrolu icin ESC basildi (100 saniye aralikla).
2026-09-12 06:48:41,260 [INFO] Oyun kontrolu icin ESC basildi (100 saniye aralikla).
2026-09-12 06:50:21,625 [INFO] Oyun kontrolu icin ESC basildi (100 saniye aralikla).
2026-09-12 06:52:01,917 [INFO] Oyun kontrolu icin ESC basildi (100 saniye aralikla).
2026-09-12 06:53:42,243 [INFO] Oyun kontrolu icin ESC basildi (100 saniye aralikla).
2026-09-12 06:55:22,536 [INFO] Oyun kontrolu icin ESC basildi (100 saniye aralikla).
2026-09-12 06:57:02,855 [INFO] Oyun kontrolu icin ESC basildi (100 saniye aralikla).
2026-09-12 06:58:43,176 [INFO] Oyun kontrolu icin ESC basildi (100 saniye aralikla).
2026-09-12 07:00:23,557 [INFO] Oyun kontrolu icin ESC basildi (100 saniye aralikla).
2026-09-12 07:02:03,960 [INFO] Oyun kontrolu icin ESC basildi (100 saniye aralikla).
2026-09-12 07:03:44,262 [INFO] Oyun kontrolu icin ESC basildi (100 saniye aralikla).
2026-09-12 07:05:24,823 [INFO] Oyun kontrolu icin ESC basildi (100 saniye aralikla).
2026-09-12 07:07:05,307 [INFO] Oyun kontrolu icin ESC basildi (100 saniye aralikla).
2026-09-12 07:08:45,746 [INFO] Oyun kontrolu icin ESC basildi (100 saniye aralikla).
2026-09-12 07:10:26,392 [INFO] Oyun kontrolu icin ESC basildi (100 saniye aralikla).
2026-09-12 07:12:07,297 [INFO] Oyun kontrolu icin ESC basildi (100 saniye aralikla).
2026-09-12 07:13:48,218 [INFO] Oyun kontrolu icin ESC basildi (100 saniye aralikla).
2026-09-12 07:15:28,895 [INFO] Oyun kontrolu icin ESC basildi (100 saniye aralikla).
2026-09-12 07:17:09,351 [INFO] Oyun kontrolu icin ESC basildi (100 saniye aralikla).
2026-09-12 07:18:49,814 [INFO] Oyun kontrolu icin ESC basildi (100 saniye aralikla).
2026-09-12 07:20:30,380 [INFO] Oyun kontrolu icin ESC basildi (100 saniye aralikla).
2026-09-12 07:22:11,321 [INFO] Oyun kontrolu icin ESC basildi (100 saniye aralikla).
2026-09-12 07:23:51,694 [INFO] Oyun kontrolu icin ESC basildi (100 saniye aralikla).
2026-09-12 07:25:32,080 [INFO] Oyun kontrolu icin ESC basildi (100 saniye aralikla).
2026-09-12 07:27:12,600 [INFO] Oyun kontrolu icin ESC basildi (100 saniye aralikla).
2026-09-12 07:28:53,220 [INFO] Oyun kontrolu icin ESC basildi (100 saniye aralikla).
2026-09-12 07:30:33,927 [INFO] Oyun kontrolu icin ESC basildi (100 saniye aralikla).
2026-09-12 07:32:14,649 [INFO] Oyun kontrolu icin ESC basildi (100 saniye aralikla).
2026-09-12 07:33:55,014 [INFO] Oyun kontrolu icin ESC basildi (100 saniye aralikla).
2026-09-12 07:35:35,410 [INFO] Oyun kontrolu icin ESC basildi (100 saniye aralikla).
2026-09-12 07:37:15,772 [INFO] Oyun kontrolu icin ESC basildi (100 saniye aralikla).
2026-09-12 07:38:56,097 [INFO] Oyun kontrolu icin ESC basildi (100 saniye aralikla).
2026-09-12 07:40:36,518 [INFO] Oyun kontrolu icin ESC basildi (100 saniye aralikla).
2026-09-12 07:42:16,999 [INFO] Oyun kontrolu icin ESC basildi (100 saniye aralikla).
2026-09-12 07:43:57,878 [INFO] Oyun kontrolu icin ESC basildi (100 saniye aralikla).
2026-09-12 07:45:38,694 [INFO] Oyun kontrolu icin ESC basildi (100 saniye aralikla).
2026-09-12 07:47:19,611 [INFO] Oyun kontrolu icin ESC basildi (100 saniye aralikla).
2026-09-12 07:49:00,493 [INFO] Oyun kontrolu icin ESC basildi (100 saniye aralikla).
2026-09-12 07:50:41,426 [INFO] Oyun kontrolu icin ESC basildi (100 saniye aralikla).
2026-09-12 07:52:22,390 [INFO] Oyun kontrolu icin ESC basildi (100 saniye aralikla).
2026-09-12 07:54:03,173 [INFO] Oyun kontrolu icin ESC basildi (100 saniye aralikla).
2026-09-12 07:55:44,021 [INFO] Oyun kontrolu icin ESC basildi (100 saniye aralikla).
2026-09-12 07:57:24,842 [INFO] Oyun kontrolu icin ESC basildi (100 saniye aralikla).
2026-09-12 07:59:05,692 [INFO] Oyun kontrolu icin ESC basildi (100 saniye aralikla).
2026-09-12 08:00:46,283 [INFO] Oyun kontrolu icin ESC basildi (100 saniye aralikla).
2026-09-12 08:02:27,023 [INFO] Oyun kontrolu icin ESC basildi (100 saniye aralikla).
2026-09-12 08:04:07,992 [INFO] Oyun kontrolu icin ESC basildi (100 saniye aralikla).
2026-09-12 08:05:48,898 [INFO] Oyun kontrolu icin ESC basildi (100 saniye aralikla).
2026-09-12 08:07:29,598 [INFO] Oyun kontrolu icin ESC basildi (100 saniye aralikla).
2026-09-12 08:09:10,417 [INFO] Oyun kontrolu icin ESC basildi (100 saniye aralikla).
2026-09-12 08:10:51,358 [INFO] Oyun kontrolu icin ESC basildi (100 saniye aralikla).
2026-09-12 08:12:32,063 [INFO] Oyun kontrolu icin ESC basildi (100 saniye aralikla).
2026-09-12 08:14:12,840 [INFO] Oyun kontrolu icin ESC basildi (100 saniye aralikla).
2026-09-12 08:15:53,290 [INFO] Oyun kontrolu icin ESC basildi (100 saniye aralikla).
2026-09-12 08:17:33,686 [INFO] Oyun kontrolu icin ESC basildi (100 saniye aralikla).
2026-09-12 08:19:13,984 [INFO] Oyun kontrolu icin ESC basildi (100 saniye aralikla).
2026-09-12 08:20:54,351 [INFO] Oyun kontrolu icin ESC basildi (100 saniye aralikla).
2026-09-12 08:22:34,732 [INFO] Oyun kontrolu icin ESC basildi (100 saniye aralikla).
2026-09-12 08:24:15,030 [INFO] Oyun kontrolu icin ESC basildi (100 saniye aralikla).
2026-09-12 08:25:55,454 [INFO] Oyun kontrolu icin ESC basildi (100 saniye aralikla).
2026-09-12 08:27:35,811 [INFO] Oyun kontrolu icin ESC basildi (100 saniye aralikla).
2026-09-12 08:29:16,354 [INFO] Oyun kontrolu icin ESC basildi (100 saniye aralikla).
2026-09-12 08:30:57,164 [INFO] Oyun kontrolu icin ESC basildi (100 saniye aralikla).
2026-09-12 08:32:37,901 [INFO] Oyun kontrolu icin ESC basildi (100 saniye aralikla).
2026-09-12 08:34:18,881 [INFO] Oyun kontrolu icin ESC basildi (100 saniye aralikla).
2026-09-12 08:35:59,755 [INFO] Oyun kontrolu icin ESC basildi (100 saniye aralikla).
2026-09-12 08:37:40,716 [INFO] Oyun kontrolu icin ESC basildi (100 saniye aralikla).
2026-09-12 08:39:21,597 [INFO] Oyun kontrolu icin ESC basildi (100 saniye aralikla).
2026-09-12 08:41:02,994 [INFO] Oyun kontrolu icin ESC basildi (100 saniye aralikla).
2026-09-12 08:42:43,437 [INFO] Oyun kontrolu icin ESC basildi (100 saniye aralikla).
2026-09-12 08:44:24,108 [INFO] Oyun kontrolu icin ESC basildi (100 saniye aralikla).
2026-09-12 08:46:04,924 [INFO] Oyun kontrolu icin ESC basildi (100 saniye aralikla).
2026-09-12 08:47:45,486 [INFO] Oyun kontrolu icin ESC basildi (100 saniye aralikla).
2026-09-12 08:49:26,218 [INFO] Oyun kontrolu icin ESC basildi (100 saniye aralikla).
2026-09-12 08:51:07,071 [INFO] Oyun kontrolu icin ESC basildi (100 saniye aralikla).
2026-09-12 08:52:39,858 [INFO] R -> Uyari/Arti taramasi: kapali
2026-09-12 08:52:47,636 [INFO] Oyun kontrolu icin ESC basildi (100 saniye aralikla).
2026-09-12 08:53:10,604 [INFO] Oyun penceresi kapandi/gecersiz oldu; oyun yeniden baslatiliyor.
2026-09-12 08:53:11,742 [INFO] Oyun yeniden baslatilmadan once 60 saniye beklenecek.
2026-09-12 09:31:10,933 [INFO] Tasinabilir Tesseract kullaniliyor: C:\Users\erdem\OneDrive\Desktop\lastWarBotNew\tesseract_bin\tesseract.exe
2026-09-12 09:31:10,933 [INFO] Konsol penceresi (3650, 0) konumuna, 190x1000 boyutuna tasindi.
2026-09-12 09:31:10,933 [INFO] Kisayollar:
2026-09-12 09:31:10,934 [INFO]   S -> botu durdur
2026-09-12 09:31:10,934 [INFO]   J -> sonraki mouse tiklamasinin pikselini logla
2026-09-12 09:31:10,934 [INFO]   O -> metin bolgesini tara ve logla
2026-09-12 09:31:10,934 [INFO]   T -> kirmizi alanli tarama ekran goruntusunu ac/kapat
2026-09-12 09:31:10,934 [INFO]   E -> 100 saniyelik ESC dongusunu ac/kapat
2026-09-12 09:31:10,934 [INFO]   R -> Uyari ve Arti taramasini ac/kapat
2026-09-12 09:31:10,934 [INFO]   P -> Tren taramasini ac/kapat
2026-09-12 09:31:10,934 [INFO]   A -> Hastane/Yardim/Asker taramasini ac/kapat (varsayilan kapali)
2026-09-12 09:31:10,934 [INFO]   Q -> Sayac zoom/OCR testini baslat (gercek kazi saldirisi olmadan; esik 20sn, 5 dogrulama, sonra ekran ortasina tiklar)
2026-09-12 09:31:10,934 [INFO]   U -> Sv.NN/Zombi Patronu OCR gri alan taramasini kaydet (paylas.png arama bolgesinin de ekran goruntusunu alir)
2026-09-12 09:31:10,935 [INFO]   L -> Kazi sayac modunu ac/kapat (acikken kazi sonundaki 60sn bekle+240sn tikla yerine, sayac 30sn altina ust uste 5 kez dogrulandiginda 40sn boyunca saniyede 10 tiklama yapilir; L kapaliyken kazi normal sureciyle calisir)
2026-09-12 09:31:11,406 [INFO] Oyun baslatildi.
2026-09-12 09:31:18,509 [INFO] Oyun penceresi 1717x965 boyutuna sol uste tasindi.
2026-09-12 09:31:19,712 [INFO] Oyun penceresi 1717x965 boyutuna sol uste tasindi.
2026-09-12 09:31:32,477 [INFO] Baslangic tiklamasi: (1383, 908)
2026-09-12 09:31:33,078 [INFO] Baslangic tiklamasi: (791, 128)
2026-09-12 09:31:33,680 [INFO] Baslangic tiklamasi: (1090, 235)
2026-09-12 09:31:35,361 [INFO] Baslangic tiklamalarindan 1.0 saniye sonra ESC basildi.
2026-09-12 09:31:35,365 [INFO] Bot calisiyor. Durdurmak icin S basin.
2026-09-12 09:31:35,462 [INFO] Oyun kontrolu icin ESC basildi (100 saniye aralikla).
2026-09-12 09:31:47,561 [INFO] J -> sonraki mouse tiklamasi bekleniyor.
2026-09-12 09:31:48,323 [INFO] Mouse tiklamasi: ekran=(1651, 900), oyun penceresi ici=(1651, 900)
2026-09-12 09:31:50,645 [INFO] S -> bot durduruluyor...
2026-09-12 09:31:50,846 [INFO] Bot basariyla sonlandirildi.
2026-09-12 09:46:25,126 [INFO] Tasinabilir Tesseract kullaniliyor: C:\Users\erdem\OneDrive\Desktop\lastWarBotNew\tesseract_bin\tesseract.exe
2026-09-12 09:46:25,127 [INFO] Konsol penceresi (3650, 0) konumuna, 190x1000 boyutuna tasindi.
2026-09-12 09:46:25,127 [INFO] Kisayollar:
2026-09-12 09:46:25,127 [INFO]   S -> botu durdur
2026-09-12 09:46:25,127 [INFO]   J -> sonraki mouse tiklamasinin pikselini logla
2026-09-12 09:46:25,127 [INFO]   O -> metin bolgesini tara ve logla
2026-09-12 09:46:25,127 [INFO]   T -> kirmizi alanli tarama ekran goruntusunu ac/kapat
2026-09-12 09:46:25,128 [INFO]   E -> 300 saniyelik periyodik tiklama dongusunu ac/kapat
2026-09-12 09:46:25,128 [INFO]   R -> Uyari ve Arti taramasini ac/kapat
2026-09-12 09:46:25,128 [INFO]   P -> Tren taramasini ac/kapat
2026-09-12 09:46:25,128 [INFO]   A -> Hastane/Yardim/Asker taramasini ac/kapat (varsayilan kapali)
2026-09-12 09:46:25,128 [INFO]   Q -> Sayac zoom/OCR testini baslat (gercek kazi saldirisi olmadan; esik 20sn, 5 dogrulama, sonra ekran ortasina tiklar)
2026-09-12 09:46:25,128 [INFO]   U -> Sv.NN/Zombi Patronu OCR gri alan taramasini kaydet (paylas.png arama bolgesinin de ekran goruntusunu alir)
2026-09-12 09:46:25,128 [INFO]   L -> Kazi sayac modunu ac/kapat (acikken kazi sonundaki 60sn bekle+240sn tikla yerine, sayac 30sn altina ust uste 5 kez dogrulandiginda 40sn boyunca saniyede 10 tiklama yapilir; L kapaliyken kazi normal sureciyle calisir)
2026-09-12 09:46:25,129 [INFO] Oyun penceresi zaten acik; baslangic tiklamalari atlandi.
2026-09-12 09:46:32,870 [INFO] Oyun zaten acikti; baslangic tiklamalari atlandi.
2026-09-12 09:46:32,874 [INFO] Bot calisiyor. Durdurmak icin S basin.
2026-09-12 09:48:42,346 [INFO] ESC dongusu (E) 130 saniyeligine pasife alindi.
2026-09-12 09:48:42,347 [INFO] CASE excavation: kazi.png bulundu (bolge ici=(48, 34)) 12.09 09:48
2026-09-12 09:48:42,347 [INFO] kazi -> bulundu_12092026_09:48
2026-09-12 09:48:43,364 [INFO] OCR oncesi tiklama (0.8 saniye beklendi): (1075, 243)
2026-09-12 09:48:44,114 [INFO] Metin taramasi:
2026-09-12 09:48:44,115 [INFO] Sohbet Ittifak Duyur!" , GUTEVIĞCİ | (5davd> Aidin #CCOO A441 Y:329) nim di ww Lv.28(g/»SilentSoulx wees | Gizli Goreule Ub os (CoDAJ AhsanRj'ın Gizli Görevler'i (Savas Alanı #2286 X:394 Y:330) 2 LV.29G/SALDIRAY/ eğri fed Gizii Görevler (oh Oo AR [VaLt] Fifth EmperoR'ın Gizli Görevler'i Oa (Savaş Alanı #2280 X:356 Y:521) YE Lv.29G/S ALDIR A Yk ed Gizli Görevler damı: ie <alp. [INTA] PriantoNakal'ın Gizli Görevler'i Oia (Savaş Alanı #2280 X:600 Y:556) = WEEE Lv.28 (ği Long time ago x ; ağ Gizli Görevler Gora Lol [HoNg] Piggypiggyboo'ın Gizli Görevler'i (Savaş Alanı #2286 X:656 Y:463) 09:48 rami Lv.28 6 Dayi Dayi gö | J © Paylas | - Hazineyi kaz (Savaş Alanı #2279 X:520 Y:440)
2026-09-12 09:48:44,230 [INFO] Hazineyi kaz hedef bulundu ve merkezine tiklandi: (749, 812)
2026-09-12 09:48:44,230 [INFO] Kazi saldirisi basladi; 300 saniyelik ESC izleme duraklatildi.
2026-09-12 09:48:44,230 [INFO] Harita sicramasi icin 2.0 saniye bekleniyor.
2026-09-12 09:48:46,346 [INFO] Oyun merkezi tiklandi: (858, 482)
2026-09-12 09:48:47,448 [INFO] Takip tiklamasi: (856, 592)
2026-09-12 09:48:48,550 [INFO] Saldirma tiklamasi: (856, 746)
2026-09-12 09:48:48,550 [INFO] Saldiri sonrasi 45 saniye sessizce bekleniyor.
2026-09-12 09:49:33,550 [INFO] 150 saniye boyunca (856, 460) konumuna 0.1 saniyede bir tiklanacak (paylas.png cikarsa erken durulacak).
2026-09-12 09:50:50,239 [INFO] paylas.png bulundu; hizli tiklama erken durduruldu ve ESC basildi.
2026-09-12 09:50:50,239 [INFO] Kazi saldirisi tamamlandi; 300 saniyelik ESC izleme yeniden etkin.
2026-09-12 09:50:52,349 [INFO] ESC dongusu (E) tekrar aktif edildi.
2026-09-12 09:51:33,265 [INFO] Oyun kontrolu icin (1651, 900) tiklandi (300 saniye aralikla).
2026-09-12 09:56:34,043 [INFO] Oyun kontrolu icin (1651, 900) tiklandi (300 saniye aralikla).
2026-09-12 10:01:35,482 [INFO] Oyun kontrolu icin (1651, 900) tiklandi (300 saniye aralikla).
2026-09-12 10:06:35,952 [INFO] Oyun kontrolu icin (1651, 900) tiklandi (300 saniye aralikla).
2026-09-12 10:11:36,706 [INFO] Oyun kontrolu icin (1651, 900) tiklandi (300 saniye aralikla).
2026-09-12 10:16:38,176 [INFO] Oyun kontrolu icin (1651, 900) tiklandi (300 saniye aralikla).
2026-09-12 10:21:39,173 [INFO] Oyun kontrolu icin (1651, 900) tiklandi (300 saniye aralikla).
2026-09-12 10:26:39,794 [INFO] Oyun kontrolu icin (1651, 900) tiklandi (300 saniye aralikla).
2026-09-12 10:31:40,254 [INFO] Oyun kontrolu icin (1651, 900) tiklandi (300 saniye aralikla).
2026-09-12 10:34:11,894 [INFO] ESC dongusu (E) 130 saniyeligine pasife alindi.
2026-09-12 10:34:11,895 [INFO] CASE excavation: kazi.png bulundu (bolge ici=(44, 34)) 12.09 10:34
2026-09-12 10:34:11,895 [INFO] kazi -> bulundu_12092026_10:34
2026-09-12 10:34:12,915 [INFO] OCR oncesi tiklama (0.8 saniye beklendi): (1075, 243)
2026-09-12 10:34:13,445 [INFO] Metin taramasi:
2026-09-12 10:34:13,445 [INFO] € Sohbet İttifak Duyur"'— cs aT) fea’ YE Lw.27 Gi LEGENDARIS TOP 1 gm) | thanks ya Naz > Ca on RS | Lyv.30 Amer88K bis 1 @Oceanuss shield na aT) gg G23 Lv.30 Amers8k be Di @ChronOpolis shield ay | AN 10:08 amen) ) İZ Lv.28 @ Long time ago x ' © Paylaş li [rOAr]TaJo (Savaş Alanı #2279 X:520 Y:423) 10:34 SS) Wit Lv. 29  OZMOND db a © Paylaş Co Hazineyi kaz (Savas Alani #2279 X:545 Y:421)
2026-09-12 10:34:13,564 [INFO] Hazineyi kaz hedef bulundu ve merkezine tiklandi: (749, 812)
2026-09-12 10:34:13,565 [INFO] Kazi saldirisi basladi; 300 saniyelik ESC izleme duraklatildi.
2026-09-12 10:34:13,565 [INFO] Harita sicramasi icin 2.0 saniye bekleniyor.
2026-09-12 10:34:15,681 [INFO] Oyun merkezi tiklandi: (858, 482)
2026-09-12 10:34:16,783 [INFO] Takip tiklamasi: (856, 592)
2026-09-12 10:34:17,884 [INFO] Saldirma tiklamasi: (856, 746)
2026-09-12 10:34:17,884 [INFO] Saldiri sonrasi 45 saniye sessizce bekleniyor.
2026-09-12 10:35:02,885 [INFO] 150 saniye boyunca (856, 460) konumuna 0.1 saniyede bir tiklanacak (paylas.png cikarsa erken durulacak).
2026-09-12 10:36:21,929 [INFO] ESC dongusu (E) tekrar aktif edildi.
2026-09-12 10:36:47,075 [INFO] paylas.png bulundu; hizli tiklama erken durduruldu ve ESC basildi.
2026-09-12 10:36:47,075 [INFO] Kazi saldirisi tamamlandi; 300 saniyelik ESC izleme yeniden etkin.
2026-09-12 10:36:48,481 [INFO] Oyun kontrolu icin (1651, 900) tiklandi (300 saniye aralikla).
2026-09-12 10:37:56,994 [INFO] ESC dongusu (E) 30 saniyeligine pasife alindi.
2026-09-12 10:37:56,994 [INFO] CASE clover: yonca.png bulundu (bolge ici=(47, 33)) 12.09 10:37
2026-09-12 10:37:56,994 [INFO] yonca -> bulundu_12092026_10:37
2026-09-12 10:37:57,999 [INFO] OCR oncesi tiklama (0.8 saniye beklendi): (1090, 235)
2026-09-12 10:37:58,517 [INFO] Metin taramasi:
2026-09-12 10:37:58,517 [INFO] , a Sohbet Ittifak Duyuru ZA ye Selene2026 ) Oo Şansı seri! Hazineyi talep ederken çifte ödül kazandınız: Qa, | iri EETERDİZİ Lv.30 Mr Just Chillin lezz) TY | | W223 Lv.28 Sekindice ij No Kg amım İ Lv.28 Oceanuss NN 2 Kg ZA EE Lv. 30 @ Selene2026 4 v İİ @ozmond 2f4b DME See na re WEE Lv.29 (gr OZMOND Ci Şanslı Hediye | di Az önce 1.000 Cesaret Rozeti'u aldım. Gelin bu şansı paylasalım! 2/20 @ 1
2026-09-12 10:37:58,629 [INFO] Şanslı Hediye hedef bulundu ve merkezine tiklandi: (859, 755)
2026-09-12 10:37:59,746 [INFO] OCR hedefinden sonra ek tiklama: (859, 668)
2026-09-12 10:38:01,646 [INFO] OCR hedefinden sonra ESC 3 kere basildi.
2026-09-12 10:38:03,030 [INFO] oyundanCikNew.png bulundu; ESC basildi.
2026-09-12 10:38:27,003 [INFO] ESC dongusu (E) tekrar aktif edildi.
2026-09-12 10:43:03,167 [INFO] Oyun kontrolu icin (1651, 900) tiklandi (300 saniye aralikla).
2026-09-12 10:48:03,420 [INFO] Oyun kontrolu icin (1651, 900) tiklandi (300 saniye aralikla).
2026-09-12 10:53:03,591 [INFO] Oyun kontrolu icin (1651, 900) tiklandi (300 saniye aralikla).
2026-09-12 10:58:03,778 [INFO] Oyun kontrolu icin (1651, 900) tiklandi (300 saniye aralikla).
2026-09-12 11:03:04,398 [INFO] Oyun kontrolu icin (1651, 900) tiklandi (300 saniye aralikla).
2026-09-12 11:05:55,009 [INFO] S -> bot durduruluyor...
2026-09-12 11:05:55,093 [INFO] Bot basariyla sonlandirildi.
2026-09-12 11:06:17,083 [INFO] Tasinabilir Tesseract kullaniliyor: C:\Users\erdem\OneDrive\Desktop\lastWarBotNew\tesseract_bin\tesseract.exe
2026-09-12 11:06:17,084 [INFO] Konsol penceresi (3650, 0) konumuna, 190x1000 boyutuna tasindi.
2026-09-12 11:06:17,084 [INFO] Kisayollar:
2026-09-12 11:06:17,084 [INFO]   S -> botu durdur
2026-09-12 11:06:17,084 [INFO]   J -> sonraki mouse tiklamasinin pikselini logla
2026-09-12 11:06:17,084 [INFO]   O -> metin bolgesini tara ve logla
2026-09-12 11:06:17,084 [INFO]   T -> kirmizi alanli tarama ekran goruntusunu ac/kapat
2026-09-12 11:06:17,084 [INFO]   E -> 300 saniyelik periyodik tiklama dongusunu ac/kapat
2026-09-12 11:06:17,085 [INFO]   R -> Uyari ve Arti taramasini ac/kapat
2026-09-12 11:06:17,085 [INFO]   P -> Tren taramasini ac/kapat
2026-09-12 11:06:17,085 [INFO]   A -> Hastane/Yardim/Asker taramasini ac/kapat (varsayilan kapali)
2026-09-12 11:06:17,085 [INFO]   Q -> Sayac zoom/OCR testini baslat (gercek kazi saldirisi olmadan; esik 20sn, 5 dogrulama, sonra ekran ortasina tiklar)
2026-09-12 11:06:17,085 [INFO]   U -> Sv.NN/Zombi Patronu OCR gri alan taramasini kaydet (paylas.png arama bolgesinin de ekran goruntusunu alir)
2026-09-12 11:06:17,085 [INFO]   L -> Kazi sayac modunu ac/kapat (acikken kazi sonundaki 60sn bekle+240sn tikla yerine, sayac 30sn altina ust uste 5 kez dogrulandiginda 40sn boyunca saniyede 10 tiklama yapilir; L kapaliyken kazi normal sureciyle calisir)
2026-09-12 11:06:17,086 [INFO] Oyun penceresi zaten acik; baslangic tiklamalari atlandi.
2026-09-12 11:06:24,795 [INFO] Oyun zaten acikti; baslangic tiklamalari atlandi.
2026-09-12 11:06:24,798 [INFO] Bot calisiyor. Durdurmak icin S basin.
2026-09-12 11:11:25,698 [INFO] Oyun kontrolu icin (1651, 900) tiklandi (300 saniye aralikla).
2026-09-12 11:16:27,002 [INFO] Oyun kontrolu icin (1651, 900) tiklandi (300 saniye aralikla).
2026-09-12 11:18:07,092 [INFO] S -> bot durduruluyor...
2026-09-12 11:18:07,095 [INFO] Bot basariyla sonlandirildi.
2026-09-12 11:18:09,707 [INFO] Tasinabilir Tesseract kullaniliyor: C:\Users\erdem\OneDrive\Desktop\lastWarBotNew\tesseract_bin\tesseract.exe
2026-09-12 11:18:09,708 [INFO] Konsol penceresi (3650, 0) konumuna, 190x1000 boyutuna tasindi.
2026-09-12 11:18:09,708 [INFO] Kisayollar:
2026-09-12 11:18:09,708 [INFO]   S -> botu durdur
2026-09-12 11:18:09,708 [INFO]   J -> sonraki mouse tiklamasinin pikselini logla
2026-09-12 11:18:09,708 [INFO]   O -> metin bolgesini tara ve logla
2026-09-12 11:18:09,708 [INFO]   T -> kirmizi alanli tarama ekran goruntusunu ac/kapat
2026-09-12 11:18:09,708 [INFO]   E -> 300 saniyelik periyodik tiklama dongusunu ac/kapat
2026-09-12 11:18:09,708 [INFO]   R -> Uyari ve Arti taramasini ac/kapat
2026-09-12 11:18:09,708 [INFO]   P -> Tren taramasini ac/kapat
2026-09-12 11:18:09,709 [INFO]   A -> Hastane/Yardim/Asker taramasini ac/kapat (varsayilan kapali)
2026-09-12 11:18:09,709 [INFO]   Q -> Sayac zoom/OCR testini baslat (gercek kazi saldirisi olmadan; esik 20sn, 5 dogrulama, sonra ekran ortasina tiklar)
2026-09-12 11:18:09,709 [INFO]   U -> Sv.NN/Zombi Patronu OCR gri alan taramasini kaydet (paylas.png arama bolgesinin de ekran goruntusunu alir)
2026-09-12 11:18:09,709 [INFO]   L -> Kazi sayac modunu ac/kapat (acikken kazi sonundaki 60sn bekle+240sn tikla yerine, sayac 30sn altina ust uste 5 kez dogrulandiginda 40sn boyunca saniyede 10 tiklama yapilir; L kapaliyken kazi normal sureciyle calisir)
2026-09-12 11:18:09,710 [INFO] Oyun penceresi zaten acik; baslangic tiklamalari atlandi.
2026-09-12 11:18:09,868 [INFO] Oyun penceresi 1717x965 boyutuna sol uste tasindi.
2026-09-12 11:18:17,593 [INFO] Oyun zaten acikti; baslangic tiklamalari atlandi.
2026-09-12 11:18:17,596 [INFO] Bot calisiyor. Durdurmak icin S basin.
2026-09-12 11:18:17,912 [INFO] Periyodik tiklama dongusu (E) 30 saniyeligine pasife alindi.
2026-09-12 11:18:17,913 [INFO] CASE clover: yonca.png bulundu (bolge ici=(46, 33)) 12.09 11:18
2026-09-12 11:18:17,913 [INFO] yonca -> bulundu_12092026_11:18
2026-09-12 11:18:18,927 [INFO] OCR oncesi tiklama (0.8 saniye beklendi): (1090, 235)
2026-09-12 11:18:19,497 [INFO] Metin taramasi:
2026-09-12 11:18:19,497 [INFO] ' y—— a Sohbet İttifak Duyur 11:00 men | Lv.28 G princes777 çiy © Paylaş CF) [roar|GentleGjant (Savaş Alanı #2284 X:73 Y:482) 11:16 ÇE WEE Lv.28 ChronOpolis Ci Bites Şanslı Hediye ka Az önce 5,000 Elmas'u aldım. 1/20 Gelin bu şansı paylaşa... Sem) 2 3 Lv. 30 (gi whoahbud me Yy, YY ib ware) 16 Lv.28 ChronOpolis Ae ‘lf © Paylas e Hazineyi kaz (Savaş Alanı #2279 X:140 Y:107) weer) ) 15 Lv.28 ChronOpolis 5 ii us| > Al mary
2026-09-12 11:18:19,609 [INFO] Şanslı Hediye hedef bulundu ve merkezine tiklandi: (859, 447)
2026-09-12 11:18:20,727 [INFO] OCR hedefinden sonra ek tiklama: (859, 668)
2026-09-12 11:18:22,627 [INFO] OCR hedefinden sonra ESC 3 kere basildi.
2026-09-12 11:18:24,010 [INFO] oyundanCikNew.png bulundu; ESC basildi.
2026-09-12 11:18:30,360 [INFO] L -> Kazi sayac modu: acik (acikken kazi normal surecinin sonundaki 60sn bekle+240sn tikla yerine, sayac 30sn altina ust uste 5 kez dogrulandiginda 40sn boyunca saniyede 10 tiklama yapilir; L kapaliyken kazi normal sureciyle calisir).
2026-09-12 11:18:34,377 [INFO] paylas.png bulundu (surekli tarama); ESC basildi.
2026-09-12 11:18:37,491 [INFO] CASE excavation: kazi.png bulundu (bolge ici=(45, 34)) 12.09 11:18
2026-09-12 11:18:37,491 [INFO] kazi -> bulundu_12092026_11:18
2026-09-12 11:18:38,497 [INFO] OCR oncesi tiklama (0.8 saniye beklendi): (1075, 243)
2026-09-12 11:18:39,039 [INFO] Metin taramasi:
2026-09-12 11:18:39,039 [INFO] iS? Sohbet İttifak Duyurı'<" palais meunye Dp Az önce 5,000 Elmas'u aldım. Gelin bu şansı paylaşalım! 12/20 şansı paylaşa. dap» ) 2 Lv. 30 g whoahbud Len <= ty AM N > VY YY Si wan) ) 72 Lv.28 ChronOpolis we i © Paylaş Ss) Hazineyi kaz (Savaş Alanı #2279 X:140 Y:107) eis Wels Lv.28 ChronOpolis bs) 5 . > ya Tİ heal WA ELE Lv.28 ChronOpolis içe Sorry guys. forgot toreturn tothe base A Nr Cİ YEP Lv. 29G/SALDIRAY( ME © Paylaş va Hazineyi kaz (Savaş Alani #2279 X:140 Ğ Y:107)
2026-09-12 11:18:39,144 [INFO] Hazineyi kaz hedef bulundu ve merkezine tiklandi: (749, 466)
2026-09-12 11:18:39,145 [INFO] Kazi saldirisi basladi; 300 saniyelik ESC izleme duraklatildi.
2026-09-12 11:18:39,145 [INFO] Harita sicramasi icin 2.0 saniye bekleniyor.
2026-09-12 11:18:41,261 [INFO] Oyun merkezi tiklandi: (858, 482)
2026-09-12 11:18:42,362 [INFO] Takip tiklamasi: (856, 592)
2026-09-12 11:18:43,464 [INFO] Saldirma tiklamasi: (856, 746)
2026-09-12 11:18:43,464 [INFO] Kazi sayaci izleniyor (esik: 30 sn, 5 kez ust uste dogrulanacak, en fazla 120 sn beklenecek).
2026-09-12 11:18:43,464 [INFO] Sayac okumasi icin harita 6 tik yakinlastiriliyor.
2026-09-12 11:18:45,128 [INFO] Sayac icin ham (islenmemis) renkli goruntu kaydedildi: C:\Users\erdem\OneDrive\Desktop\lastWarBotNew\screenShots\sayac_ham_12092026_111845.png
2026-09-12 11:18:45,315 [INFO] Kazi sayaci okundu: '2 2' -> 140 sn
2026-09-12 11:18:46,375 [INFO] Sayac icin ham (islenmemis) renkli goruntu kaydedildi: C:\Users\erdem\OneDrive\Desktop\lastWarBotNew\screenShots\sayac_ham_12092026_111846.png
2026-09-12 11:18:46,572 [INFO] Kazi sayaci okundu: '1
272' -> 332 sn
2026-09-12 11:18:47,624 [INFO] Sayac icin ham (islenmemis) renkli goruntu kaydedildi: C:\Users\erdem\OneDrive\Desktop\lastWarBotNew\screenShots\sayac_ham_12092026_111847.png
2026-09-12 11:18:47,812 [INFO] Kazi sayaci okundu: '4
:' -> 60 sn
2026-09-12 11:18:47,919 [INFO] Periyodik tiklama dongusu (E) tekrar aktif edildi.
2026-09-12 11:18:48,873 [INFO] Sayac icin ham (islenmemis) renkli goruntu kaydedildi: C:\Users\erdem\OneDrive\Desktop\lastWarBotNew\screenShots\sayac_ham_12092026_111848.png
2026-09-12 11:18:49,071 [INFO] Kazi sayaci okunamadi: ''
2026-09-12 11:18:50,126 [INFO] Sayac icin ham (islenmemis) renkli goruntu kaydedildi: C:\Users\erdem\OneDrive\Desktop\lastWarBotNew\screenShots\sayac_ham_12092026_111850.png
2026-09-12 11:18:50,304 [INFO] Kazi sayaci okundu: '7' -> 70 sn
2026-09-12 11:18:51,359 [INFO] Sayac icin ham (islenmemis) renkli goruntu kaydedildi: C:\Users\erdem\OneDrive\Desktop\lastWarBotNew\screenShots\sayac_ham_12092026_111851.png
2026-09-12 11:18:51,566 [INFO] Kazi sayaci okundu: ':
2' -> 20 sn
2026-09-12 11:18:51,566 [INFO] Esik altinda dogrulama 1/5.
2026-09-12 11:18:52,624 [INFO] Sayac icin ham (islenmemis) renkli goruntu kaydedildi: C:\Users\erdem\OneDrive\Desktop\lastWarBotNew\screenShots\sayac_ham_12092026_111852.png
2026-09-12 11:18:52,820 [INFO] Kazi sayaci okundu: ':
4
49 0' -> 17340 sn
2026-09-12 11:18:52,821 [INFO] Esik ustunde okuma geldi; dogrulama sayaci sifirlandi.
2026-09-12 11:18:53,874 [INFO] Sayac icin ham (islenmemis) renkli goruntu kaydedildi: C:\Users\erdem\OneDrive\Desktop\lastWarBotNew\screenShots\sayac_ham_12092026_111853.png
2026-09-12 11:18:54,051 [INFO] Kazi sayaci okundu: '9' -> 90 sn
2026-09-12 11:18:55,111 [INFO] Sayac icin ham (islenmemis) renkli goruntu kaydedildi: C:\Users\erdem\OneDrive\Desktop\lastWarBotNew\screenShots\sayac_ham_12092026_111855.png
2026-09-12 11:18:55,322 [INFO] Kazi sayaci okundu: '27
:' -> 60 sn
2026-09-12 11:18:56,377 [INFO] Sayac icin ham (islenmemis) renkli goruntu kaydedildi: C:\Users\erdem\OneDrive\Desktop\lastWarBotNew\screenShots\sayac_ham_12092026_111856.png
2026-09-12 11:18:56,560 [INFO] Kazi sayaci okundu: ':
174' -> 174 sn
2026-09-12 11:18:57,608 [INFO] Sayac icin ham (islenmemis) renkli goruntu kaydedildi: C:\Users\erdem\OneDrive\Desktop\lastWarBotNew\screenShots\sayac_ham_12092026_111857.png
2026-09-12 11:18:57,824 [INFO] Kazi sayaci okundu: '2
4
4' -> 7480 sn
2026-09-12 11:18:58,874 [INFO] Sayac icin ham (islenmemis) renkli goruntu kaydedildi: C:\Users\erdem\OneDrive\Desktop\lastWarBotNew\screenShots\sayac_ham_12092026_111858.png
2026-09-12 11:18:59,022 [INFO] Kazi sayaci okunamadi: ''
2026-09-12 11:19:00,076 [INFO] Sayac icin ham (islenmemis) renkli goruntu kaydedildi: C:\Users\erdem\OneDrive\Desktop\lastWarBotNew\screenShots\sayac_ham_12092026_111900.png
2026-09-12 11:19:00,251 [INFO] Kazi sayaci okundu: '2' -> 20 sn
2026-09-12 11:19:00,251 [INFO] Esik altinda dogrulama 1/5.
2026-09-12 11:19:01,310 [INFO] Sayac icin ham (islenmemis) renkli goruntu kaydedildi: C:\Users\erdem\OneDrive\Desktop\lastWarBotNew\screenShots\sayac_ham_12092026_111901.png
2026-09-12 11:19:01,504 [INFO] Kazi sayaci okundu: '2
2' -> 140 sn
2026-09-12 11:19:01,505 [INFO] Esik ustunde okuma geldi; dogrulama sayaci sifirlandi.
2026-09-12 11:19:02,559 [INFO] Sayac icin ham (islenmemis) renkli goruntu kaydedildi: C:\Users\erdem\OneDrive\Desktop\lastWarBotNew\screenShots\sayac_ham_12092026_111902.png
2026-09-12 11:19:02,769 [INFO] Kazi sayaci okundu: '7' -> 70 sn
2026-09-12 11:19:03,826 [INFO] Sayac icin ham (islenmemis) renkli goruntu kaydedildi: C:\Users\erdem\OneDrive\Desktop\lastWarBotNew\screenShots\sayac_ham_12092026_111903.png
2026-09-12 11:19:04,053 [INFO] Kazi sayaci okundu: '2
:
8' -> 200 sn
2026-09-12 11:19:05,110 [INFO] Sayac icin ham (islenmemis) renkli goruntu kaydedildi: C:\Users\erdem\OneDrive\Desktop\lastWarBotNew\screenShots\sayac_ham_12092026_111905.png
2026-09-12 11:19:05,310 [INFO] Kazi sayaci okundu: '1
35' -> 95 sn
2026-09-12 11:19:06,360 [INFO] Sayac icin ham (islenmemis) renkli goruntu kaydedildi: C:\Users\erdem\OneDrive\Desktop\lastWarBotNew\screenShots\sayac_ham_12092026_111906.png
2026-09-12 11:19:06,551 [INFO] Kazi sayaci okundu: '28' -> 28 sn
2026-09-12 11:19:06,551 [INFO] Esik altinda dogrulama 1/5.
2026-09-12 11:19:07,610 [INFO] Sayac icin ham (islenmemis) renkli goruntu kaydedildi: C:\Users\erdem\OneDrive\Desktop\lastWarBotNew\screenShots\sayac_ham_12092026_111907.png
2026-09-12 11:19:07,824 [INFO] Kazi sayaci okundu: '5 2
2
1' -> 7330 sn
2026-09-12 11:19:07,824 [INFO] Esik ustunde okuma geldi; dogrulama sayaci sifirlandi.
2026-09-12 11:19:08,875 [INFO] Sayac icin ham (islenmemis) renkli goruntu kaydedildi: C:\Users\erdem\OneDrive\Desktop\lastWarBotNew\screenShots\sayac_ham_12092026_111908.png
2026-09-12 11:19:09,080 [INFO] Kazi sayaci okundu: '2 5' -> 170 sn
2026-09-12 11:19:10,144 [INFO] Sayac icin ham (islenmemis) renkli goruntu kaydedildi: C:\Users\erdem\OneDrive\Desktop\lastWarBotNew\screenShots\sayac_ham_12092026_111910.png
2026-09-12 11:19:10,333 [INFO] Kazi sayaci okundu: '2' -> 20 sn
2026-09-12 11:19:10,333 [INFO] Esik altinda dogrulama 1/5.
2026-09-12 11:19:11,395 [INFO] Sayac icin ham (islenmemis) renkli goruntu kaydedildi: C:\Users\erdem\OneDrive\Desktop\lastWarBotNew\screenShots\sayac_ham_12092026_111911.png
2026-09-12 11:19:11,596 [INFO] Kazi sayaci okundu: ':' -> 60 sn
2026-09-12 11:19:11,596 [INFO] Esik ustunde okuma geldi; dogrulama sayaci sifirlandi.
2026-09-12 11:19:12,659 [INFO] Sayac icin ham (islenmemis) renkli goruntu kaydedildi: C:\Users\erdem\OneDrive\Desktop\lastWarBotNew\screenShots\sayac_ham_12092026_111912.png
2026-09-12 11:19:12,877 [INFO] Kazi sayaci okundu: ':' -> 60 sn
2026-09-12 11:19:13,928 [INFO] Sayac icin ham (islenmemis) renkli goruntu kaydedildi: C:\Users\erdem\OneDrive\Desktop\lastWarBotNew\screenShots\sayac_ham_12092026_111913.png
2026-09-12 11:19:14,128 [INFO] Kazi sayaci okundu: '7
2
:' -> 60 sn
2026-09-12 11:19:15,195 [INFO] Sayac icin ham (islenmemis) renkli goruntu kaydedildi: C:\Users\erdem\OneDrive\Desktop\lastWarBotNew\screenShots\sayac_ham_12092026_111915.png
2026-09-12 11:19:15,400 [INFO] Kazi sayaci okundu: '1' -> 10 sn
2026-09-12 11:19:15,400 [INFO] Esik altinda dogrulama 1/5.
2026-09-12 11:19:16,461 [INFO] Sayac icin ham (islenmemis) renkli goruntu kaydedildi: C:\Users\erdem\OneDrive\Desktop\lastWarBotNew\screenShots\sayac_ham_12092026_111916.png
2026-09-12 11:19:16,635 [INFO] Kazi sayaci okundu: '707' -> 707 sn
2026-09-12 11:19:16,635 [INFO] Esik ustunde okuma geldi; dogrulama sayaci sifirlandi.
2026-09-12 11:19:16,796 [INFO] S -> bot durduruluyor...
2026-09-12 11:19:17,694 [INFO] Sayac icin ham (islenmemis) renkli goruntu kaydedildi: C:\Users\erdem\OneDrive\Desktop\lastWarBotNew\screenShots\sayac_ham_12092026_111917.png
2026-09-12 11:19:17,930 [INFO] Kazi sayaci okundu: '3
0' -> 180 sn
2026-09-12 11:19:18,992 [INFO] Sayac icin ham (islenmemis) renkli goruntu kaydedildi: C:\Users\erdem\OneDrive\Desktop\lastWarBotNew\screenShots\sayac_ham_12092026_111918.png
2026-09-12 11:19:19,160 [INFO] Kazi sayaci okundu: '1039
:
5' -> 62390 sn
2026-09-12 11:19:20,211 [INFO] Sayac icin ham (islenmemis) renkli goruntu kaydedildi: C:\Users\erdem\OneDrive\Desktop\lastWarBotNew\screenShots\sayac_ham_12092026_111920.png
2026-09-12 11:19:20,365 [INFO] Kazi sayaci okunamadi: ''
2026-09-12 11:19:21,428 [INFO] Sayac icin ham (islenmemis) renkli goruntu kaydedildi: C:\Users\erdem\OneDrive\Desktop\lastWarBotNew\screenShots\sayac_ham_12092026_111921.png
2026-09-12 11:19:21,562 [INFO] Kazi sayaci okunamadi: ''
2026-09-12 11:19:22,627 [INFO] Sayac icin ham (islenmemis) renkli goruntu kaydedildi: C:\Users\erdem\OneDrive\Desktop\lastWarBotNew\screenShots\sayac_ham_12092026_111922.png
2026-09-12 11:19:22,794 [INFO] Kazi sayaci okunamadi: ''
2026-09-12 11:19:23,843 [INFO] Sayac icin ham (islenmemis) renkli goruntu kaydedildi: C:\Users\erdem\OneDrive\Desktop\lastWarBotNew\screenShots\sayac_ham_12092026_111923.png
2026-09-12 11:19:24,006 [INFO] Kazi sayaci okundu: '::
3' -> 30 sn
2026-09-12 11:19:24,006 [INFO] Esik altinda dogrulama 1/5.
2026-09-12 11:19:25,060 [INFO] Sayac icin ham (islenmemis) renkli goruntu kaydedildi: C:\Users\erdem\OneDrive\Desktop\lastWarBotNew\screenShots\sayac_ham_12092026_111925.png
2026-09-12 11:19:25,251 [INFO] Kazi sayaci okunamadi: ''
2026-09-12 11:19:26,312 [INFO] Sayac icin ham (islenmemis) renkli goruntu kaydedildi: C:\Users\erdem\OneDrive\Desktop\lastWarBotNew\screenShots\sayac_ham_12092026_111926.png
2026-09-12 11:19:26,478 [INFO] Kazi sayaci okundu: '4
3' -> 270 sn
2026-09-12 11:19:26,479 [INFO] Esik ustunde okuma geldi; dogrulama sayaci sifirlandi.
2026-09-12 11:19:27,543 [INFO] Sayac icin ham (islenmemis) renkli goruntu kaydedildi: C:\Users\erdem\OneDrive\Desktop\lastWarBotNew\screenShots\sayac_ham_12092026_111927.png
2026-09-12 11:19:27,731 [INFO] Kazi sayaci okunamadi: ''
2026-09-12 11:19:28,794 [INFO] Sayac icin ham (islenmemis) renkli goruntu kaydedildi: C:\Users\erdem\OneDrive\Desktop\lastWarBotNew\screenShots\sayac_ham_12092026_111928.png
2026-09-12 11:19:28,951 [INFO] Kazi sayaci okunamadi: ''
2026-09-12 11:19:30,010 [INFO] Sayac icin ham (islenmemis) renkli goruntu kaydedildi: C:\Users\erdem\OneDrive\Desktop\lastWarBotNew\screenShots\sayac_ham_12092026_111930.png
2026-09-12 11:19:30,161 [INFO] Kazi sayaci okunamadi: ''
2026-09-12 11:19:31,210 [INFO] Sayac icin ham (islenmemis) renkli goruntu kaydedildi: C:\Users\erdem\OneDrive\Desktop\lastWarBotNew\screenShots\sayac_ham_12092026_111931.png
2026-09-12 11:19:31,374 [INFO] Kazi sayaci okunamadi: ''
2026-09-12 11:19:32,430 [INFO] Sayac icin ham (islenmemis) renkli goruntu kaydedildi: C:\Users\erdem\OneDrive\Desktop\lastWarBotNew\screenShots\sayac_ham_12092026_111932.png
2026-09-12 11:19:32,592 [INFO] Kazi sayaci okunamadi: ''
2026-09-12 11:19:33,643 [INFO] Sayac icin ham (islenmemis) renkli goruntu kaydedildi: C:\Users\erdem\OneDrive\Desktop\lastWarBotNew\screenShots\sayac_ham_12092026_111933.png
2026-09-12 11:19:33,779 [INFO] Kazi sayaci okunamadi: ''
2026-09-12 11:19:34,845 [INFO] Sayac icin ham (islenmemis) renkli goruntu kaydedildi: C:\Users\erdem\OneDrive\Desktop\lastWarBotNew\screenShots\sayac_ham_12092026_111934.png
2026-09-12 11:19:35,007 [INFO] Kazi sayaci okunamadi: ''
2026-09-12 11:19:36,067 [INFO] Sayac icin ham (islenmemis) renkli goruntu kaydedildi: C:\Users\erdem\OneDrive\Desktop\lastWarBotNew\screenShots\sayac_ham_12092026_111936.png
2026-09-12 11:19:36,233 [INFO] Kazi sayaci okundu: '4' -> 40 sn
2026-09-12 11:24:37,977 [INFO] Tasinabilir Tesseract kullaniliyor: C:\Users\erdem\OneDrive\Desktop\lastWarBotNew\tesseract_bin\tesseract.exe
2026-09-12 11:24:37,977 [INFO] Konsol penceresi (3650, 0) konumuna, 190x1000 boyutuna tasindi.
2026-09-12 11:24:37,977 [INFO] Kisayollar:
2026-09-12 11:24:37,977 [INFO]   S -> botu durdur
2026-09-12 11:24:37,977 [INFO]   J -> sonraki mouse tiklamasinin pikselini logla
2026-09-12 11:24:37,977 [INFO]   O -> metin bolgesini tara ve logla
2026-09-12 11:24:37,978 [INFO]   T -> kirmizi alanli tarama ekran goruntusunu ac/kapat
2026-09-12 11:24:37,978 [INFO]   E -> 300 saniyelik periyodik tiklama dongusunu ac/kapat
2026-09-12 11:24:37,978 [INFO]   R -> Uyari ve Arti taramasini ac/kapat
2026-09-12 11:24:37,978 [INFO]   P -> Tren taramasini ac/kapat
2026-09-12 11:24:37,978 [INFO]   A -> Hastane/Yardim/Asker taramasini ac/kapat (varsayilan kapali)
2026-09-12 11:24:37,978 [INFO]   Q -> Sayac zoom/OCR testini baslat (gercek kazi saldirisi olmadan; esik 20sn, 5 dogrulama, sonra ekran ortasina tiklar)
2026-09-12 11:24:37,978 [INFO]   U -> Sv.NN/Zombi Patronu OCR gri alan taramasini kaydet (paylas.png arama bolgesinin de ekran goruntusunu alir)
2026-09-12 11:24:37,978 [INFO]   L -> Kazi sayac modunu ac/kapat (acikken kazi sonundaki 60sn bekle+240sn tikla yerine, sayac 30sn altina ust uste 5 kez dogrulandiginda 40sn boyunca saniyede 10 tiklama yapilir; L kapaliyken kazi normal sureciyle calisir)
2026-09-12 11:24:37,979 [INFO] Oyun penceresi zaten acik; baslangic tiklamalari atlandi.
2026-09-12 11:24:45,837 [INFO] Oyun zaten acikti; baslangic tiklamalari atlandi.
2026-09-12 11:24:45,841 [INFO] Bot calisiyor. Durdurmak icin S basin.
2026-09-12 11:24:46,116 [INFO] Periyodik tiklama dongusu (E) 130 saniyeligine pasife alindi.
2026-09-12 11:24:46,116 [INFO] CASE excavation: kazi.png bulundu (bolge ici=(40, 34)) 12.09 11:24
2026-09-12 11:24:46,116 [INFO] kazi -> bulundu_12092026_11:24
2026-09-12 11:24:47,136 [INFO] OCR oncesi tiklama (0.8 saniye beklendi): (1075, 243)
2026-09-12 11:24:47,716 [INFO] Metin taramasi:
2026-09-12 11:24:47,716 [INFO] Sohbet Ittifak Duyurusu Ns Kğg | | g'.113 Lv.28 Sekindice ği İm ty ra 4 Kğğ gemi | <7 72 CELE Lv.30 4 Veezyx ği ] Thank you (Es NE Lv.28 ChronOpolis TAS «5 gg ŞE lv.28 CBE | Guess: Ab eT | 5.13 Lv.28(g iPhone 17 Pro Max zl — ty AN NA Kğ 7 SO 1v.28 CBE Test Uçuşu Arızası (Savaş Alani #2279 X:529 Y:438)
2026-09-12 11:24:47,818 [INFO] Test Uçuşu Arızası hedef bulundu ve merkezine tiklandi: (767, 812)
2026-09-12 11:24:47,819 [INFO] Kazi saldirisi basladi; 300 saniyelik ESC izleme duraklatildi.
2026-09-12 11:24:47,819 [INFO] Harita sicramasi icin 2.0 saniye bekleniyor.
2026-09-12 11:24:49,936 [INFO] Oyun merkezi tiklandi: (858, 482)
2026-09-12 11:24:51,038 [INFO] Takip tiklamasi: (856, 592)
2026-09-12 11:24:52,152 [INFO] Saldirma tiklamasi: (856, 746)
2026-09-12 11:24:52,152 [INFO] Saldiri sonrasi 45 saniye sessizce bekleniyor.
2026-09-12 11:25:37,153 [INFO] 150 saniye boyunca (856, 460) konumuna 0.1 saniyede bir tiklanacak (paylas.png cikarsa erken durulacak).
2026-09-12 11:25:58,258 [INFO] paylas.png bulundu; hizli tiklama erken durduruldu ve ESC basildi.
2026-09-12 11:25:58,258 [INFO] Kazi saldirisi tamamlandi; 300 saniyelik ESC izleme yeniden etkin.
2026-09-12 11:26:56,120 [INFO] Periyodik tiklama dongusu (E) tekrar aktif edildi.
2026-09-12 11:28:03,415 [INFO] S -> bot durduruluyor...
2026-09-12 11:28:03,452 [INFO] Bot basariyla sonlandirildi.
2026-09-12 11:28:48,813 [INFO] Tasinabilir Tesseract kullaniliyor: C:\Users\erdem\OneDrive\Desktop\lastWarBotNew\tesseract_bin\tesseract.exe
2026-09-12 11:28:48,814 [INFO] Konsol penceresi (3650, 0) konumuna, 190x1000 boyutuna tasindi.
2026-09-12 11:28:48,814 [INFO] Kisayollar:
2026-09-12 11:28:48,814 [INFO]   S -> botu durdur
2026-09-12 11:28:48,814 [INFO]   J -> sonraki mouse tiklamasinin pikselini logla
2026-09-12 11:28:48,814 [INFO]   O -> metin bolgesini tara ve logla
2026-09-12 11:28:48,814 [INFO]   T -> kirmizi alanli tarama ekran goruntusunu ac/kapat
2026-09-12 11:28:48,814 [INFO]   E -> 300 saniyelik periyodik tiklama dongusunu ac/kapat
2026-09-12 11:28:48,815 [INFO]   R -> Uyari ve Arti taramasini ac/kapat
2026-09-12 11:28:48,815 [INFO]   P -> Tren taramasini ac/kapat
2026-09-12 11:28:48,815 [INFO]   A -> Hastane/Yardim/Asker taramasini ac/kapat (varsayilan kapali)
2026-09-12 11:28:48,815 [INFO]   Q -> Sayac zoom/OCR testini baslat (gercek kazi saldirisi olmadan; esik 20sn, 5 dogrulama, sonra ekran ortasina tiklar)
2026-09-12 11:28:48,815 [INFO]   U -> Sv.NN/Zombi Patronu OCR gri alan taramasini kaydet (paylas.png arama bolgesinin de ekran goruntusunu alir)
2026-09-12 11:28:48,815 [INFO]   L -> Kazi sayac modunu ac/kapat (acikken kazi sonundaki 60sn bekle+240sn tikla yerine, sayac 30sn altina ust uste 5 kez dogrulandiginda 40sn boyunca saniyede 10 tiklama yapilir; L kapaliyken kazi normal sureciyle calisir)
2026-09-12 11:28:48,816 [INFO] Oyun penceresi zaten acik; baslangic tiklamalari atlandi.
2026-09-12 11:28:56,469 [INFO] Oyun zaten acikti; baslangic tiklamalari atlandi.
2026-09-12 11:28:56,473 [INFO] Bot calisiyor. Durdurmak icin S basin.
2026-09-12 11:33:57,206 [INFO] Oyun kontrolu icin (1651, 900) tiklandi (300 saniye aralikla).
2026-09-12 11:34:00,240 [INFO] S -> bot durduruluyor...
2026-09-12 11:34:00,266 [INFO] Bot basariyla sonlandirildi.
2026-09-12 11:37:25,044 [INFO] Tasinabilir Tesseract kullaniliyor: C:\Users\erdem\OneDrive\Desktop\lastWarBotNew\tesseract_bin\tesseract.exe
2026-09-12 11:37:25,044 [INFO] Konsol penceresi (3650, 0) konumuna, 190x1000 boyutuna tasindi.
2026-09-12 11:37:25,044 [INFO] Kisayollar:
2026-09-12 11:37:25,044 [INFO]   S -> botu durdur
2026-09-12 11:37:25,044 [INFO]   J -> sonraki mouse tiklamasinin pikselini logla
2026-09-12 11:37:25,044 [INFO]   O -> metin bolgesini tara ve logla
2026-09-12 11:37:25,045 [INFO]   T -> kirmizi alanli tarama ekran goruntusunu ac/kapat
2026-09-12 11:37:25,045 [INFO]   E -> 300 saniyelik periyodik tiklama dongusunu ac/kapat
2026-09-12 11:37:25,045 [INFO]   R -> Uyari ve Arti taramasini ac/kapat
2026-09-12 11:37:25,045 [INFO]   P -> Tren taramasini ac/kapat
2026-09-12 11:37:25,045 [INFO]   A -> Hastane/Yardim/Asker taramasini ac/kapat (varsayilan kapali)
2026-09-12 11:37:25,045 [INFO]   Q -> Sayac zoom/OCR testini baslat (gercek kazi saldirisi olmadan; esik 20sn, 5 dogrulama, sonra ekran ortasina tiklar)
2026-09-12 11:37:25,045 [INFO]   U -> Sv.NN/Zombi Patronu OCR gri alan taramasini kaydet (paylas.png arama bolgesinin de ekran goruntusunu alir)
2026-09-12 11:37:25,045 [INFO]   L -> Kazi sayac modunu ac/kapat (acikken kazi sonundaki 60sn bekle+240sn tikla yerine, sayac 30sn altina ust uste 5 kez dogrulandiginda 40sn boyunca saniyede 10 tiklama yapilir; L kapaliyken kazi normal sureciyle calisir)
2026-09-12 11:37:25,046 [INFO] Oyun penceresi zaten acik; baslangic tiklamalari atlandi.
2026-09-12 11:37:32,820 [INFO] Oyun zaten acikti; baslangic tiklamalari atlandi.
2026-09-12 11:37:32,824 [INFO] Bot calisiyor. Durdurmak icin S basin.
2026-09-12 11:37:37,888 [INFO] A -> Hastane/Yardim/Asker taramasi: acik
2026-09-12 11:37:39,319 [INFO] CASE yardim_asker: asker.png bulundu (bolge ici=(34, 31)) 12.09 11:37
2026-09-12 11:37:39,319 [INFO] yardim_asker -> bulundu_12092026_11:37
2026-09-12 11:37:39,438 [INFO] asker.png bulundu; tiklandi: (109, 754)
2026-09-12 11:37:41,006 [INFO] CASE hastane: hastane.png bulundu (bolge ici=(36, 31)) 12.09 11:37
2026-09-12 11:37:41,006 [INFO] hastane -> bulundu_12092026_11:37
2026-09-12 11:37:41,108 [INFO] hastane.png bulundu; tiklandi: (111, 754)
2026-09-12 11:37:42,209 [INFO] 1.0 saniye sonra ek tiklama: (962, 757)
2026-09-12 11:37:43,905 [INFO] CASE yardim_asker: yardimH.png bulundu (bolge ici=(35, 32)) 12.09 11:37
2026-09-12 11:37:43,905 [INFO] yardim_asker -> bulundu_12092026_11:37
2026-09-12 11:37:44,006 [INFO] yardimH.png bulundu; tiklandi: (110, 755)
2026-09-12 11:37:45,552 [INFO] hastane.png bulundu; yardimH.png icin tiklama atlandi (sahte eslesme, renk kontrolu).
2026-09-12 11:37:47,152 [INFO] hastane.png bulundu; yardimH.png icin tiklama atlandi (sahte eslesme, renk kontrolu).
2026-09-12 11:37:48,724 [INFO] hastane.png bulundu; yardimH.png icin tiklama atlandi (sahte eslesme, renk kontrolu).
2026-09-12 11:37:50,284 [INFO] hastane.png bulundu; yardimH.png icin tiklama atlandi (sahte eslesme, renk kontrolu).
2026-09-12 11:37:51,855 [INFO] hastane.png bulundu; yardimH.png icin tiklama atlandi (sahte eslesme, renk kontrolu).
2026-09-12 11:37:53,435 [INFO] hastane.png bulundu; yardimH.png icin tiklama atlandi (sahte eslesme, renk kontrolu).
2026-09-12 11:37:55,055 [INFO] hastane.png bulundu; yardimH.png icin tiklama atlandi (sahte eslesme, renk kontrolu).
2026-09-12 11:37:56,603 [INFO] CASE yardim_asker: asker.png bulundu (bolge ici=(34, 31)) 12.09 11:37
2026-09-12 11:37:56,603 [INFO] yardim_asker -> bulundu_12092026_11:37
2026-09-12 11:37:56,706 [INFO] asker.png bulundu; tiklandi: (109, 754)
2026-09-12 11:37:58,237 [INFO] CASE hastane: hastane.png bulundu (bolge ici=(36, 31)) 12.09 11:37
2026-09-12 11:37:58,237 [INFO] hastane -> bulundu_12092026_11:37
2026-09-12 11:37:58,339 [INFO] hastane.png bulundu; tiklandi: (111, 754)
2026-09-12 11:37:59,458 [INFO] 1.0 saniye sonra ek tiklama: (962, 757)
2026-09-12 11:38:01,156 [INFO] CASE yardim_asker: yardimH.png bulundu (bolge ici=(35, 32)) 12.09 11:38
2026-09-12 11:38:01,156 [INFO] yardim_asker -> bulundu_12092026_11:38
2026-09-12 11:38:01,257 [INFO] yardimH.png bulundu; tiklandi: (110, 755)
2026-09-12 11:38:02,837 [INFO] hastane.png bulundu; yardimH.png icin tiklama atlandi (sahte eslesme, renk kontrolu).
2026-09-12 11:38:04,473 [INFO] hastane.png bulundu; yardimH.png icin tiklama atlandi (sahte eslesme, renk kontrolu).
2026-09-12 11:38:06,074 [INFO] hastane.png bulundu; yardimH.png icin tiklama atlandi (sahte eslesme, renk kontrolu).
2026-09-12 11:38:07,619 [INFO] hastane.png bulundu; yardimH.png icin tiklama atlandi (sahte eslesme, renk kontrolu).
2026-09-12 11:38:09,220 [INFO] CASE yardim_asker: asker.png bulundu (bolge ici=(34, 31)) 12.09 11:38
2026-09-12 11:38:09,220 [INFO] yardim_asker -> bulundu_12092026_11:38
2026-09-12 11:38:09,321 [INFO] asker.png bulundu; tiklandi: (109, 754)
2026-09-12 11:38:10,841 [INFO] CASE hastane: hastane.png bulundu (bolge ici=(36, 31)) 12.09 11:38
2026-09-12 11:38:10,841 [INFO] hastane -> bulundu_12092026_11:38
2026-09-12 11:38:10,942 [INFO] hastane.png bulundu; tiklandi: (111, 754)
2026-09-12 11:38:12,044 [INFO] 1.0 saniye sonra ek tiklama: (962, 757)
2026-09-12 11:38:13,653 [INFO] CASE yardim_asker: yardimH.png bulundu (bolge ici=(35, 32)) 12.09 11:38
2026-09-12 11:38:13,653 [INFO] yardim_asker -> bulundu_12092026_11:38
2026-09-12 11:38:13,755 [INFO] yardimH.png bulundu; tiklandi: (110, 755)
2026-09-12 11:38:15,390 [INFO] hastane.png bulundu; yardimH.png icin tiklama atlandi (sahte eslesme, renk kontrolu).
2026-09-12 11:38:16,976 [INFO] hastane.png bulundu; yardimH.png icin tiklama atlandi (sahte eslesme, renk kontrolu).
2026-09-12 11:38:18,261 [INFO] S -> bot durduruluyor...
2026-09-12 11:38:18,520 [INFO] hastane.png bulundu; yardimH.png icin tiklama atlandi (sahte eslesme, renk kontrolu).
2026-09-12 11:38:18,521 [INFO] Bot basariyla sonlandirildi.
2026-09-12 11:40:18,709 [INFO] Tasinabilir Tesseract kullaniliyor: C:\Users\erdem\OneDrive\Desktop\lastWarBotNew\tesseract_bin\tesseract.exe
2026-09-12 11:40:18,710 [INFO] Konsol penceresi (3650, 0) konumuna, 190x1000 boyutuna tasindi.
2026-09-12 11:40:18,710 [INFO] Kisayollar:
2026-09-12 11:40:18,710 [INFO]   S -> botu durdur
2026-09-12 11:40:18,710 [INFO]   J -> sonraki mouse tiklamasinin pikselini logla
2026-09-12 11:40:18,710 [INFO]   O -> metin bolgesini tara ve logla
2026-09-12 11:40:18,710 [INFO]   T -> kirmizi alanli tarama ekran goruntusunu ac/kapat
2026-09-12 11:40:18,710 [INFO]   E -> 300 saniyelik periyodik tiklama dongusunu ac/kapat
2026-09-12 11:40:18,710 [INFO]   R -> Uyari ve Arti taramasini ac/kapat
2026-09-12 11:40:18,711 [INFO]   P -> Tren taramasini ac/kapat
2026-09-12 11:40:18,711 [INFO]   A -> Hastane/Yardim/Asker taramasini ac/kapat (varsayilan kapali)
2026-09-12 11:40:18,711 [INFO]   Q -> Sayac zoom/OCR testini baslat (gercek kazi saldirisi olmadan; esik 20sn, 5 dogrulama, sonra ekran ortasina tiklar)
2026-09-12 11:40:18,711 [INFO]   U -> Sv.NN/Zombi Patronu OCR gri alan taramasini kaydet (paylas.png arama bolgesinin de ekran goruntusunu alir)
2026-09-12 11:40:18,711 [INFO]   L -> Kazi sayac modunu ac/kapat (acikken kazi sonundaki 60sn bekle+240sn tikla yerine, sayac 30sn altina ust uste 5 kez dogrulandiginda 40sn boyunca saniyede 10 tiklama yapilir; L kapaliyken kazi normal sureciyle calisir)
2026-09-12 11:40:18,712 [INFO] Oyun penceresi zaten acik; baslangic tiklamalari atlandi.
2026-09-12 11:40:26,499 [INFO] Oyun zaten acikti; baslangic tiklamalari atlandi.
2026-09-12 11:40:26,503 [INFO] Bot calisiyor. Durdurmak icin S basin.
2026-09-12 11:40:41,166 [INFO] A -> Hastane/Yardim/Asker taramasi: acik
2026-09-12 11:40:47,764 [INFO] hastane.png bulundu; yardimH.png icin tiklama atlandi (sahte eslesme, renk kontrolu).
2026-09-12 11:40:49,331 [INFO] hastane.png bulundu; yardimH.png icin tiklama atlandi (sahte eslesme, renk kontrolu).
2026-09-12 11:40:50,902 [INFO] hastane.png bulundu; yardimH.png icin tiklama atlandi (sahte eslesme, renk kontrolu).
2026-09-12 11:40:52,464 [INFO] hastane.png bulundu; yardimH.png icin tiklama atlandi (sahte eslesme, renk kontrolu).
2026-09-12 11:40:54,067 [INFO] hastane.png bulundu; yardimH.png icin tiklama atlandi (sahte eslesme, renk kontrolu).
2026-09-12 11:40:55,615 [INFO] hastane.png bulundu; yardimH.png icin tiklama atlandi (sahte eslesme, renk kontrolu).
2026-09-12 11:40:57,251 [INFO] hastane.png bulundu; yardimH.png icin tiklama atlandi (sahte eslesme, renk kontrolu).
2026-09-12 11:40:58,797 [INFO] hastane.png bulundu; yardimH.png icin tiklama atlandi (sahte eslesme, renk kontrolu).
2026-09-12 11:41:00,381 [INFO] hastane.png bulundu; yardimH.png icin tiklama atlandi (sahte eslesme, renk kontrolu).
2026-09-12 11:41:01,932 [INFO] hastane.png bulundu; yardimH.png icin tiklama atlandi (sahte eslesme, renk kontrolu).
2026-09-12 11:41:02,384 [INFO] S -> bot durduruluyor...
2026-09-12 11:41:02,434 [INFO] Bot basariyla sonlandirildi.
2026-09-12 11:42:17,579 [INFO] Tasinabilir Tesseract kullaniliyor: C:\Users\erdem\OneDrive\Desktop\lastWarBotNew\tesseract_bin\tesseract.exe
2026-09-12 11:42:17,579 [INFO] Konsol penceresi (3650, 0) konumuna, 190x1000 boyutuna tasindi.
2026-09-12 11:42:17,579 [INFO] Kisayollar:
2026-09-12 11:42:17,580 [INFO]   S -> botu durdur
2026-09-12 11:42:17,580 [INFO]   J -> sonraki mouse tiklamasinin pikselini logla
2026-09-12 11:42:17,580 [INFO]   O -> metin bolgesini tara ve logla
2026-09-12 11:42:17,580 [INFO]   T -> kirmizi alanli tarama ekran goruntusunu ac/kapat
2026-09-12 11:42:17,580 [INFO]   E -> 300 saniyelik periyodik tiklama dongusunu ac/kapat
2026-09-12 11:42:17,580 [INFO]   R -> Uyari ve Arti taramasini ac/kapat
2026-09-12 11:42:17,580 [INFO]   P -> Tren taramasini ac/kapat
2026-09-12 11:42:17,581 [INFO]   A -> Hastane/Yardim/Asker taramasini ac/kapat (varsayilan kapali)
2026-09-12 11:42:17,581 [INFO]   Q -> Sayac zoom/OCR testini baslat (gercek kazi saldirisi olmadan; esik 20sn, 5 dogrulama, sonra ekran ortasina tiklar)
2026-09-12 11:42:17,581 [INFO]   U -> Sv.NN/Zombi Patronu OCR gri alan taramasini kaydet (paylas.png arama bolgesinin de ekran goruntusunu alir)
2026-09-12 11:42:17,581 [INFO]   L -> Kazi sayac modunu ac/kapat (acikken kazi sonundaki 60sn bekle+240sn tikla yerine, sayac 30sn altina ust uste 5 kez dogrulandiginda 40sn boyunca saniyede 10 tiklama yapilir; L kapaliyken kazi normal sureciyle calisir)
2026-09-12 11:42:17,582 [INFO] Oyun penceresi zaten acik; baslangic tiklamalari atlandi.
2026-09-12 11:42:25,457 [INFO] Oyun zaten acikti; baslangic tiklamalari atlandi.
2026-09-12 11:42:25,461 [INFO] Bot calisiyor. Durdurmak icin S basin.
2026-09-12 11:42:45,525 [INFO] A -> Hastane/Yardim/Asker taramasi: acik
2026-09-12 11:47:26,170 [INFO] Oyun kontrolu icin (1651, 900) tiklandi (300 saniye aralikla).
2026-09-12 11:52:27,274 [INFO] Oyun kontrolu icin (1651, 900) tiklandi (300 saniye aralikla).
2026-09-12 11:57:28,759 [INFO] Oyun kontrolu icin (1651, 900) tiklandi (300 saniye aralikla).
2026-09-12 12:02:30,422 [INFO] Oyun kontrolu icin (1651, 900) tiklandi (300 saniye aralikla).
2026-09-12 12:07:31,109 [INFO] Oyun kontrolu icin (1651, 900) tiklandi (300 saniye aralikla).
2026-09-12 12:12:32,430 [INFO] Oyun kontrolu icin (1651, 900) tiklandi (300 saniye aralikla).
2026-09-12 12:17:32,650 [INFO] Oyun kontrolu icin (1651, 900) tiklandi (300 saniye aralikla).
2026-09-12 12:22:34,021 [INFO] Oyun kontrolu icin (1651, 900) tiklandi (300 saniye aralikla).
2026-09-12 12:27:34,174 [INFO] Oyun kontrolu icin (1651, 900) tiklandi (300 saniye aralikla).
2026-09-12 12:32:35,228 [INFO] Oyun kontrolu icin (1651, 900) tiklandi (300 saniye aralikla).
2026-09-12 12:37:36,414 [INFO] Oyun kontrolu icin (1651, 900) tiklandi (300 saniye aralikla).
2026-09-12 12:42:37,534 [INFO] Oyun kontrolu icin (1651, 900) tiklandi (300 saniye aralikla).
2026-09-12 12:47:38,671 [INFO] Oyun kontrolu icin (1651, 900) tiklandi (300 saniye aralikla).
2026-09-12 12:52:39,324 [INFO] Oyun kontrolu icin (1651, 900) tiklandi (300 saniye aralikla).
2026-09-12 12:57:39,994 [INFO] Oyun kontrolu icin (1651, 900) tiklandi (300 saniye aralikla).
2026-09-12 13:02:40,164 [INFO] Oyun kontrolu icin (1651, 900) tiklandi (300 saniye aralikla).
2026-09-12 13:07:40,893 [INFO] Oyun kontrolu icin (1651, 900) tiklandi (300 saniye aralikla).
2026-09-12 13:12:41,572 [INFO] Oyun kontrolu icin (1651, 900) tiklandi (300 saniye aralikla).
2026-09-12 13:17:42,092 [INFO] Oyun kontrolu icin (1651, 900) tiklandi (300 saniye aralikla).
2026-09-12 13:22:42,952 [INFO] Oyun kontrolu icin (1651, 900) tiklandi (300 saniye aralikla).
2026-09-12 13:27:43,448 [INFO] Oyun kontrolu icin (1651, 900) tiklandi (300 saniye aralikla).
2026-09-12 13:32:43,701 [INFO] Oyun kontrolu icin (1651, 900) tiklandi (300 saniye aralikla).
2026-09-12 13:37:43,988 [INFO] Oyun kontrolu icin (1651, 900) tiklandi (300 saniye aralikla).
2026-09-12 13:42:44,291 [INFO] Oyun kontrolu icin (1651, 900) tiklandi (300 saniye aralikla).
2026-09-12 13:47:44,511 [INFO] Oyun kontrolu icin (1651, 900) tiklandi (300 saniye aralikla).
2026-09-12 13:52:45,904 [INFO] Oyun kontrolu icin (1651, 900) tiklandi (300 saniye aralikla).
2026-09-12 13:57:46,025 [INFO] Oyun kontrolu icin (1651, 900) tiklandi (300 saniye aralikla).
2026-09-12 14:02:46,572 [INFO] Oyun kontrolu icin (1651, 900) tiklandi (300 saniye aralikla).
2026-09-12 14:07:47,241 [INFO] Oyun kontrolu icin (1651, 900) tiklandi (300 saniye aralikla).
2026-09-12 14:12:48,402 [INFO] Oyun kontrolu icin (1651, 900) tiklandi (300 saniye aralikla).
2026-09-12 14:17:49,749 [INFO] Oyun kontrolu icin (1651, 900) tiklandi (300 saniye aralikla).
2026-09-12 14:22:50,392 [INFO] Oyun kontrolu icin (1651, 900) tiklandi (300 saniye aralikla).
2026-09-12 14:27:51,172 [INFO] Oyun kontrolu icin (1651, 900) tiklandi (300 saniye aralikla).
2026-09-12 14:32:51,792 [INFO] Oyun kontrolu icin (1651, 900) tiklandi (300 saniye aralikla).
2026-09-12 14:37:52,871 [INFO] Oyun kontrolu icin (1651, 900) tiklandi (300 saniye aralikla).
2026-09-12 14:42:53,415 [INFO] Oyun kontrolu icin (1651, 900) tiklandi (300 saniye aralikla).
2026-09-12 14:47:54,502 [INFO] Oyun kontrolu icin (1651, 900) tiklandi (300 saniye aralikla).
2026-09-12 14:52:55,429 [INFO] Oyun kontrolu icin (1651, 900) tiklandi (300 saniye aralikla).
2026-09-12 14:57:56,816 [INFO] Oyun kontrolu icin (1651, 900) tiklandi (300 saniye aralikla).
2026-09-12 15:02:56,929 [INFO] Oyun kontrolu icin (1651, 900) tiklandi (300 saniye aralikla).
2026-09-12 15:07:57,232 [INFO] Oyun kontrolu icin (1651, 900) tiklandi (300 saniye aralikla).
2026-09-12 15:12:57,853 [INFO] Oyun kontrolu icin (1651, 900) tiklandi (300 saniye aralikla).
2026-09-12 15:17:58,623 [INFO] Oyun kontrolu icin (1651, 900) tiklandi (300 saniye aralikla).
2026-09-12 15:22:59,515 [INFO] Oyun kontrolu icin (1651, 900) tiklandi (300 saniye aralikla).
2026-09-12 15:28:00,829 [INFO] Oyun kontrolu icin (1651, 900) tiklandi (300 saniye aralikla).
2026-09-12 15:33:01,966 [INFO] Oyun kontrolu icin (1651, 900) tiklandi (300 saniye aralikla).
2026-09-12 15:38:02,686 [INFO] Oyun kontrolu icin (1651, 900) tiklandi (300 saniye aralikla).
2026-09-12 15:40:56,763 [INFO] CASE tren: tren.png bulundu (bolge ici=(27, 25)) 12.09 15:40
2026-09-12 15:40:56,763 [INFO] tren -> bulundu_12092026_15:40
2026-09-12 15:40:56,879 [INFO] tren.png bulundu; ortasina tiklandi: (46, 557)
2026-09-12 15:40:56,879 [INFO] Tren bulundu; 300 saniyelik periyodik tiklama dongusu durduruldu.
2026-09-12 15:40:57,995 [INFO] Tren onay tiklamasi 1: (1064, 285)
2026-09-12 15:41:03,113 [INFO] Tren onay tiklamasi 2: (855, 789)
2026-09-12 15:41:04,215 [INFO] Tren onay tiklamasi 3: (916, 592)
2026-09-12 15:41:04,829 [INFO] Tren onay tiklamasi 4: (916, 592)
2026-09-12 15:41:05,430 [INFO] Tren onay tiklamasi 5: (966, 702)
2026-09-12 15:41:07,813 [INFO] Tren akisi sonunda ESC 3 kere basildi.
2026-09-12 15:41:07,813 [INFO] 300 saniyelik periyodik tiklama dongusu tekrar baslatildi.
2026-09-12 15:41:09,391 [INFO] CASE tren: tren.png bulundu (bolge ici=(27, 25)) 12.09 15:41
2026-09-12 15:41:09,392 [INFO] tren -> bulundu_12092026_15:41
2026-09-12 15:41:09,495 [INFO] tren.png bulundu; ortasina tiklandi: (46, 557)
2026-09-12 15:41:09,495 [INFO] Tren bulundu; 300 saniyelik periyodik tiklama dongusu durduruldu.
2026-09-12 15:41:10,597 [INFO] Tren onay tiklamasi 1: (1064, 285)
2026-09-12 15:41:15,713 [INFO] Tren onay tiklamasi 2: (855, 789)
2026-09-12 15:41:16,815 [INFO] Tren onay tiklamasi 3: (916, 592)
2026-09-12 15:41:17,416 [INFO] Tren onay tiklamasi 4: (916, 592)
2026-09-12 15:41:18,017 [INFO] Tren onay tiklamasi 5: (966, 702)
2026-09-12 15:41:20,414 [INFO] Tren akisi sonunda ESC 3 kere basildi.
2026-09-12 15:41:20,414 [INFO] 300 saniyelik periyodik tiklama dongusu tekrar baslatildi.
2026-09-12 15:41:21,994 [INFO] CASE tren: tren.png bulundu (bolge ici=(27, 25)) 12.09 15:41
2026-09-12 15:41:21,994 [INFO] tren -> bulundu_12092026_15:41
2026-09-12 15:41:22,030 [INFO] P -> Tren taramasi: kapali
2026-09-12 15:41:22,095 [INFO] tren.png bulundu; ortasina tiklandi: (46, 557)
2026-09-12 15:41:22,096 [INFO] Tren bulundu; 300 saniyelik periyodik tiklama dongusu durduruldu.
2026-09-12 15:41:23,197 [INFO] Tren onay tiklamasi 1: (1064, 285)
2026-09-12 15:41:28,314 [INFO] Tren onay tiklamasi 2: (855, 789)
2026-09-12 15:41:29,415 [INFO] Tren onay tiklamasi 3: (916, 592)
2026-09-12 15:41:30,030 [INFO] Tren onay tiklamasi 4: (916, 592)
2026-09-12 15:41:30,632 [INFO] Tren onay tiklamasi 5: (966, 702)
2026-09-12 15:41:31,263 [INFO] S -> bot durduruluyor...
2026-09-12 15:41:33,032 [INFO] Tren akisi sonunda ESC 3 kere basildi.
2026-09-12 15:41:33,032 [INFO] 300 saniyelik periyodik tiklama dongusu tekrar baslatildi.
2026-09-12 15:41:33,163 [INFO] Bot basariyla sonlandirildi.
2026-09-12 15:41:55,002 [INFO] Tasinabilir Tesseract kullaniliyor: C:\Users\erdem\OneDrive\Desktop\lastWarBotNew\tesseract_bin\tesseract.exe
2026-09-12 15:41:55,002 [INFO] Konsol penceresi (3650, 0) konumuna, 190x1000 boyutuna tasindi.
2026-09-12 15:41:55,002 [INFO] Kisayollar:
2026-09-12 15:41:55,002 [INFO]   S -> botu durdur
2026-09-12 15:41:55,002 [INFO]   J -> sonraki mouse tiklamasinin pikselini logla
2026-09-12 15:41:55,002 [INFO]   O -> metin bolgesini tara ve logla
2026-09-12 15:41:55,003 [INFO]   T -> kirmizi alanli tarama ekran goruntusunu ac/kapat
2026-09-12 15:41:55,003 [INFO]   E -> 300 saniyelik periyodik tiklama dongusunu ac/kapat
2026-09-12 15:41:55,003 [INFO]   R -> Uyari ve Arti taramasini ac/kapat
2026-09-12 15:41:55,003 [INFO]   P -> Tren taramasini ac/kapat
2026-09-12 15:41:55,003 [INFO]   A -> Hastane/Yardim/Asker taramasini ac/kapat (varsayilan kapali)
2026-09-12 15:41:55,003 [INFO]   Q -> Sayac zoom/OCR testini baslat (gercek kazi saldirisi olmadan; esik 20sn, 5 dogrulama, sonra ekran ortasina tiklar)
2026-09-12 15:41:55,003 [INFO]   U -> Sv.NN/Zombi Patronu OCR gri alan taramasini kaydet (paylas.png arama bolgesinin de ekran goruntusunu alir)
2026-09-12 15:41:55,004 [INFO]   L -> Kazi sayac modunu ac/kapat (acikken kazi sonundaki 60sn bekle+240sn tikla yerine, sayac 30sn altina ust uste 5 kez dogrulandiginda 40sn boyunca saniyede 10 tiklama yapilir; L kapaliyken kazi normal sureciyle calisir)
2026-09-12 15:41:55,004 [INFO] Oyun penceresi zaten acik; baslangic tiklamalari atlandi.
2026-09-12 15:42:02,866 [INFO] Oyun zaten acikti; baslangic tiklamalari atlandi.
2026-09-12 15:42:02,870 [INFO] Bot calisiyor. Durdurmak icin S basin.
2026-09-12 15:47:03,236 [INFO] Oyun kontrolu icin (1651, 900) tiklandi (300 saniye aralikla).
2026-09-12 15:52:04,298 [INFO] Oyun kontrolu icin (1651, 900) tiklandi (300 saniye aralikla).
2026-09-12 15:57:05,027 [INFO] Oyun kontrolu icin (1651, 900) tiklandi (300 saniye aralikla).
2026-09-12 15:57:29,170 [INFO] disconnect.png bulundu; cikis tiklamasi yapildi: (860, 544)
2026-09-12 15:57:30,298 [INFO] Oyun yeniden baslatilmadan once 60 saniye beklenecek.
2026-09-12 15:58:30,773 [INFO] Oyun baslatildi.
2026-09-12 15:58:51,300 [INFO] Baslangic tiklamasi: (1383, 908)
2026-09-12 15:58:51,901 [INFO] Baslangic tiklamasi: (791, 128)
2026-09-12 15:58:52,503 [INFO] Baslangic tiklamasi: (1090, 235)
2026-09-12 15:58:54,184 [INFO] Baslangic tiklamalarindan 1.0 saniye sonra ESC basildi.
2026-09-12 15:58:54,365 [INFO] Oyun kontrolu icin (1651, 900) tiklandi (300 saniye aralikla).
2026-09-12 16:03:54,588 [INFO] Oyun kontrolu icin (1651, 900) tiklandi (300 saniye aralikla).
2026-09-12 16:08:55,558 [INFO] Oyun kontrolu icin (1651, 900) tiklandi (300 saniye aralikla).
2026-09-12 16:13:44,195 [INFO] A -> Hastane/Yardim/Asker taramasi: acik
2026-09-12 16:13:56,662 [INFO] Oyun kontrolu icin (1651, 900) tiklandi (300 saniye aralikla).
2026-09-12 16:14:09,968 [INFO] S -> bot durduruluyor...
2026-09-12 16:14:10,181 [INFO] Bot basariyla sonlandirildi.
2026-09-12 16:16:51,559 [INFO] Tasinabilir Tesseract kullaniliyor: C:\Users\erdem\OneDrive\Desktop\lastWarBotNew\tesseract_bin\tesseract.exe
2026-09-12 16:16:51,560 [INFO] Konsol penceresi (3650, 0) konumuna, 190x1000 boyutuna tasindi.
2026-09-12 16:16:51,560 [INFO] Kisayollar:
2026-09-12 16:16:51,560 [INFO]   S -> botu durdur
2026-09-12 16:16:51,560 [INFO]   J -> sonraki mouse tiklamasinin pikselini logla
2026-09-12 16:16:51,560 [INFO]   O -> metin bolgesini tara ve logla
2026-09-12 16:16:51,560 [INFO]   T -> kirmizi alanli tarama ekran goruntusunu ac/kapat
2026-09-12 16:16:51,561 [INFO]   E -> 300 saniyelik periyodik tiklama dongusunu ac/kapat
2026-09-12 16:16:51,561 [INFO]   R -> Uyari ve Arti taramasini ac/kapat
2026-09-12 16:16:51,561 [INFO]   P -> Tren taramasini ac/kapat
2026-09-12 16:16:51,561 [INFO]   A -> Hastane/Yardim/Asker taramasini ac/kapat (varsayilan kapali)
2026-09-12 16:16:51,561 [INFO]   Q -> Sayac zoom/OCR testini baslat (gercek kazi saldirisi olmadan; esik 20sn, 5 dogrulama, sonra ekran ortasina tiklar)
2026-09-12 16:16:51,561 [INFO]   U -> Sv.NN/Zombi Patronu OCR gri alan taramasini kaydet (paylas.png arama bolgesinin de ekran goruntusunu alir)
2026-09-12 16:16:51,561 [INFO]   L -> Kazi sayac modunu ac/kapat (acikken kazi sonundaki 60sn bekle+240sn tikla yerine, sayac 30sn altina ust uste 5 kez dogrulandiginda 40sn boyunca saniyede 10 tiklama yapilir; L kapaliyken kazi normal sureciyle calisir)
2026-09-12 16:16:51,562 [INFO] Oyun penceresi zaten acik; baslangic tiklamalari atlandi.
2026-09-12 16:16:59,374 [INFO] Oyun zaten acikti; baslangic tiklamalari atlandi.
2026-09-12 16:16:59,379 [INFO] Bot calisiyor. Durdurmak icin S basin.
2026-09-12 16:17:01,113 [INFO] J -> sonraki mouse tiklamasi bekleniyor.
2026-09-12 16:17:02,039 [INFO] Mouse tiklamasi: ekran=(1091, 290), oyun penceresi ici=(1091, 290)
2026-09-12 16:17:09,508 [INFO] J -> sonraki mouse tiklamasi bekleniyor.
2026-09-12 16:17:10,007 [INFO] Mouse tiklamasi: ekran=(1227, 204), oyun penceresi ici=(1227, 204)
2026-09-12 16:17:33,293 [INFO] J -> sonraki mouse tiklamasi bekleniyor.
2026-09-12 16:17:34,283 [INFO] Mouse tiklamasi: ekran=(1295, 155), oyun penceresi ici=(1295, 155)
2026-09-12 16:17:47,561 [INFO] T -> tarama ekran goruntusu: acik
2026-09-12 16:17:47,744 [INFO] R -> Uyari/Arti taramasi: acik
2026-09-12 16:17:47,810 [INFO] E -> 300 saniyelik periyodik tiklama dongusu: kapali
2026-09-12 16:17:48,327 [INFO] U -> OCR gri alan taramasi istendi.
2026-09-12 16:17:48,544 [INFO] L -> Kazi sayac modu: acik (acikken kazi normal surecinin sonundaki 60sn bekle+240sn tikla yerine, sayac 30sn altina ust uste 5 kez dogrulandiginda 40sn boyunca saniyede 10 tiklama yapilir; L kapaliyken kazi normal sureciyle calisir).
2026-09-12 16:17:48,744 [INFO] U -> OCR gri alan taramasi istendi.
2026-09-12 16:17:48,759 [INFO] uyari_alani icin kirmizi cerceveli ekran goruntusu: C:\Users\erdem\OneDrive\Desktop\lastWarBotNew\screenShots\uyari_alani_12092026_161748.png
2026-09-12 16:17:48,958 [INFO] OCR'a gonderilen gri/esiklenmis goruntu kaydedildi: C:\Users\erdem\OneDrive\Desktop\lastWarBotNew\screenShots\ocr_gri_taranan_U_satir1_12092026_161748_958399.png
2026-09-12 16:17:49,127 [INFO] S -> bot durduruluyor...
2026-09-12 16:17:49,299 [INFO] --- [U: SATIR 1] OCR METNI OKUNDU:

-----------------------
2026-09-12 16:17:49,300 [INFO] --- [U: SATIR 1] OCR SEVIYE SATIRI OKUNDU: ''
2026-09-12 16:17:49,358 [INFO] OCR'a gonderilen gri/esiklenmis goruntu kaydedildi: C:\Users\erdem\OneDrive\Desktop\lastWarBotNew\screenShots\ocr_gri_taranan_U_satir2_12092026_161749_357748.png
2026-09-12 16:17:49,657 [INFO] --- [U: SATIR 2] OCR METNI OKUNDU:

-----------------------
2026-09-12 16:17:49,657 [INFO] --- [U: SATIR 2] OCR SEVIYE SATIRI OKUNDU: ''
2026-09-12 16:17:49,730 [INFO] paylas_arama icin kirmizi cerceveli ekran goruntusu: C:\Users\erdem\OneDrive\Desktop\lastWarBotNew\screenShots\paylas_arama_12092026_161749.png
2026-09-12 16:17:49,912 [INFO] kazi_arama icin kirmizi cerceveli ekran goruntusu: C:\Users\erdem\OneDrive\Desktop\lastWarBotNew\screenShots\kazi_arama_12092026_161749.png
2026-09-12 16:17:49,930 [INFO] mesaj_ekrani icin kirmizi cerceveli ekran goruntusu: C:\Users\erdem\OneDrive\Desktop\lastWarBotNew\screenShots\mesaj_ekrani_12092026_161749.png
2026-09-12 16:17:49,948 [INFO] cikis_arama icin kirmizi cerceveli ekran goruntusu: C:\Users\erdem\OneDrive\Desktop\lastWarBotNew\screenShots\cikis_arama_12092026_161749.png
2026-09-12 16:17:49,966 [INFO] disconnect_arama icin kirmizi cerceveli ekran goruntusu: C:\Users\erdem\OneDrive\Desktop\lastWarBotNew\screenShots\disconnect_arama_12092026_161749.png
2026-09-12 16:17:49,983 [INFO] tren_arama icin kirmizi cerceveli ekran goruntusu: C:\Users\erdem\OneDrive\Desktop\lastWarBotNew\screenShots\tren_arama_12092026_161749.png
2026-09-12 16:17:50,001 [INFO] hastane_yardim_asker_arama icin kirmizi cerceveli ekran goruntusu: C:\Users\erdem\OneDrive\Desktop\lastWarBotNew\screenShots\hastane_yardim_asker_arama_12092026_161749.png
2026-09-12 16:17:50,159 [INFO] Bot basariyla sonlandirildi.
2026-09-12 16:18:17,240 [INFO] Tasinabilir Tesseract kullaniliyor: C:\Users\erdem\OneDrive\Desktop\lastWarBotNew\tesseract_bin\tesseract.exe
2026-09-12 16:18:17,240 [INFO] Konsol penceresi (3650, 0) konumuna, 190x1000 boyutuna tasindi.
2026-09-12 16:18:17,240 [INFO] Kisayollar:
2026-09-12 16:18:17,241 [INFO]   S -> botu durdur
2026-09-12 16:18:17,241 [INFO]   J -> sonraki mouse tiklamasinin pikselini logla
2026-09-12 16:18:17,241 [INFO]   O -> metin bolgesini tara ve logla
2026-09-12 16:18:17,241 [INFO]   T -> kirmizi alanli tarama ekran goruntusunu ac/kapat
2026-09-12 16:18:17,241 [INFO]   E -> 300 saniyelik periyodik tiklama dongusunu ac/kapat
2026-09-12 16:18:17,241 [INFO]   R -> Uyari ve Arti taramasini ac/kapat
2026-09-12 16:18:17,241 [INFO]   P -> Tren taramasini ac/kapat
2026-09-12 16:18:17,241 [INFO]   A -> Hastane/Yardim/Asker taramasini ac/kapat (varsayilan kapali)
2026-09-12 16:18:17,241 [INFO]   Q -> Sayac zoom/OCR testini baslat (gercek kazi saldirisi olmadan; esik 20sn, 5 dogrulama, sonra ekran ortasina tiklar)
2026-09-12 16:18:17,241 [INFO]   U -> Sv.NN/Zombi Patronu OCR gri alan taramasini kaydet (paylas.png arama bolgesinin de ekran goruntusunu alir)
2026-09-12 16:18:17,241 [INFO]   L -> Kazi sayac modunu ac/kapat (acikken kazi sonundaki 60sn bekle+240sn tikla yerine, sayac 30sn altina ust uste 5 kez dogrulandiginda 40sn boyunca saniyede 10 tiklama yapilir; L kapaliyken kazi normal sureciyle calisir)
2026-09-12 16:18:17,242 [INFO] Oyun penceresi zaten acik; baslangic tiklamalari atlandi.
2026-09-12 16:18:25,079 [INFO] Oyun zaten acikti; baslangic tiklamalari atlandi.
2026-09-12 16:18:25,083 [INFO] Bot calisiyor. Durdurmak icin S basin.
2026-09-12 16:18:28,363 [INFO] J -> sonraki mouse tiklamasi bekleniyor.
2026-09-12 16:18:29,215 [INFO] Mouse tiklamasi: ekran=(854, 785), oyun penceresi ici=(854, 785)
2026-09-12 16:18:31,247 [INFO] S -> bot durduruluyor...
2026-09-12 16:18:31,311 [INFO] Bot basariyla sonlandirildi.
2026-09-12 16:21:09,942 [INFO] Tasinabilir Tesseract kullaniliyor: C:\Users\erdem\OneDrive\Desktop\lastWarBotNew\tesseract_bin\tesseract.exe
2026-09-12 16:21:09,942 [INFO] Konsol penceresi (3650, 0) konumuna, 190x1000 boyutuna tasindi.
2026-09-12 16:21:09,942 [INFO] Kisayollar:
2026-09-12 16:21:09,942 [INFO]   S -> botu durdur
2026-09-12 16:21:09,943 [INFO]   J -> sonraki mouse tiklamasinin pikselini logla
2026-09-12 16:21:09,943 [INFO]   O -> metin bolgesini tara ve logla
2026-09-12 16:21:09,943 [INFO]   T -> kirmizi alanli tarama ekran goruntusunu ac/kapat
2026-09-12 16:21:09,943 [INFO]   E -> 300 saniyelik periyodik tiklama dongusunu ac/kapat
2026-09-12 16:21:09,943 [INFO]   R -> Uyari ve Arti taramasini ac/kapat
2026-09-12 16:21:09,943 [INFO]   P -> Tren taramasini ac/kapat
2026-09-12 16:21:09,944 [INFO]   A -> Hastane/Yardim/Asker taramasini ac/kapat (varsayilan kapali)
2026-09-12 16:21:09,944 [INFO]   Q -> Sayac zoom/OCR testini baslat (gercek kazi saldirisi olmadan; esik 20sn, 5 dogrulama, sonra ekran ortasina tiklar)
2026-09-12 16:21:09,944 [INFO]   U -> Sv.NN/Zombi Patronu OCR gri alan taramasini kaydet (paylas.png arama bolgesinin de ekran goruntusunu alir)
2026-09-12 16:21:09,944 [INFO]   L -> Kazi sayac modunu ac/kapat (acikken kazi sonundaki 60sn bekle+240sn tikla yerine, sayac 30sn altina ust uste 5 kez dogrulandiginda 40sn boyunca saniyede 10 tiklama yapilir; L kapaliyken kazi normal sureciyle calisir)
2026-09-12 16:21:09,945 [INFO] Oyun penceresi zaten acik; baslangic tiklamalari atlandi.
2026-09-12 16:21:17,658 [INFO] Oyun zaten acikti; baslangic tiklamalari atlandi.
2026-09-12 16:21:17,662 [INFO] Bot calisiyor. Durdurmak icin S basin.
2026-09-12 16:23:28,085 [INFO] Periyodik tiklama dongusu (E) 130 saniyeligine pasife alindi.
2026-09-12 16:23:28,086 [INFO] CASE excavation: kazi.png bulundu (bolge ici=(45, 34)) 12.09 16:23
2026-09-12 16:23:28,086 [INFO] kazi -> bulundu_12092026_16:23
2026-09-12 16:23:29,102 [INFO] OCR oncesi tiklama (0.8 saniye beklendi): (1075, 243)
2026-09-12 16:23:29,748 [INFO] Metin taramasi:
2026-09-12 16:23:29,749 [INFO] € Sohbet İttifak Duyurı'<: ' 99 Ve0 sry 1. : ~ : © : roams de | . — —..... ee ye een ve ie e ee e e | egies a ek SS Doe DMA Ca, | Yorum our main goal right now. Give everything you can. We'll figure out the MG. ARN many — Lv.28@/salty Vib3X | vy | Ittifak Treni Bütünlük:806100) See, (NOOW]Ace =X a gi ie e k Qo mame = gi S [el wie CRETE Lv.30 gi Shauman ray he | © Paylaş mee Test Uçuşu Arızası (Savaş Alani #2279 X:529 Y:438)
2026-09-12 16:23:29,851 [INFO] Test Uçuşu Arızası hedef bulundu ve merkezine tiklandi: (767, 812)
2026-09-12 16:23:29,852 [INFO] Kazi saldirisi basladi; 300 saniyelik ESC izleme duraklatildi.
2026-09-12 16:23:29,852 [INFO] Harita sicramasi icin 2.0 saniye bekleniyor.
2026-09-12 16:23:31,967 [INFO] Oyun merkezi tiklandi: (858, 482)
2026-09-12 16:23:33,084 [INFO] Takip tiklamasi: (856, 592)
2026-09-12 16:23:34,186 [INFO] Saldirma tiklamasi: (856, 746)
2026-09-12 16:23:34,186 [INFO] Saldiri sonrasi 45 saniye sessizce bekleniyor.
2026-09-12 16:23:48,919 [INFO] P -> Tren taramasi: kapali
2026-09-12 16:24:19,188 [INFO] 150 saniye boyunca (856, 460) konumuna 0.1 saniyede bir tiklanacak (paylas.png cikarsa erken durulacak).
2026-09-12 16:24:27,038 [INFO] S -> bot durduruluyor...
2026-09-12 16:26:07,763 [INFO] Tasinabilir Tesseract kullaniliyor: C:\Users\erdem\OneDrive\Desktop\lastWarBotNew\tesseract_bin\tesseract.exe
2026-09-12 16:26:07,764 [INFO] Konsol penceresi (3650, 0) konumuna, 190x1000 boyutuna tasindi.
2026-09-12 16:26:07,764 [INFO] Kisayollar:
2026-09-12 16:26:07,764 [INFO]   S -> botu durdur
2026-09-12 16:26:07,764 [INFO]   J -> sonraki mouse tiklamasinin pikselini logla
2026-09-12 16:26:07,765 [INFO]   O -> metin bolgesini tara ve logla
2026-09-12 16:26:07,765 [INFO]   T -> kirmizi alanli tarama ekran goruntusunu ac/kapat
2026-09-12 16:26:07,765 [INFO]   E -> 300 saniyelik periyodik tiklama dongusunu ac/kapat
2026-09-12 16:26:07,765 [INFO]   R -> Uyari ve Arti taramasini ac/kapat
2026-09-12 16:26:07,765 [INFO]   P -> Tren taramasini ac/kapat
2026-09-12 16:26:07,765 [INFO]   A -> Hastane/Yardim/Asker taramasini ac/kapat (varsayilan kapali)
2026-09-12 16:26:07,765 [INFO]   Q -> Sayac zoom/OCR testini baslat (gercek kazi saldirisi olmadan; esik 20sn, 5 dogrulama, sonra ekran ortasina tiklar)
2026-09-12 16:26:07,765 [INFO]   U -> Sv.NN/Zombi Patronu OCR gri alan taramasini kaydet (paylas.png arama bolgesinin de ekran goruntusunu alir)
2026-09-12 16:26:07,765 [INFO]   L -> Kazi sayac modunu ac/kapat (acikken kazi sonundaki 60sn bekle+240sn tikla yerine, sayac 30sn altina ust uste 5 kez dogrulandiginda 40sn boyunca saniyede 10 tiklama yapilir; L kapaliyken kazi normal sureciyle calisir)
2026-09-12 16:26:07,845 [INFO] Oyun baslatildi.
2026-09-12 16:26:15,060 [INFO] Oyun penceresi 1717x965 boyutuna sol uste tasindi.
2026-09-12 16:26:28,498 [INFO] Baslangic tiklamasi: (1383, 908)
2026-09-12 16:26:29,113 [INFO] Baslangic tiklamasi: (791, 128)
2026-09-12 16:26:29,715 [INFO] Baslangic tiklamasi: (1090, 235)
2026-09-12 16:26:31,397 [INFO] Baslangic tiklamalarindan 1.0 saniye sonra ESC basildi.
2026-09-12 16:26:31,401 [INFO] Bot calisiyor. Durdurmak icin S basin.
2026-09-12 16:27:09,433 [INFO] E -> 300 saniyelik periyodik tiklama dongusu: kapali
2026-09-12 16:27:10,749 [INFO] S -> bot durduruluyor...
2026-09-12 16:27:10,815 [INFO] Bot basariyla sonlandirildi.
2026-09-12 17:49:10,278 [INFO] Tasinabilir Tesseract kullaniliyor: C:\Users\erdem\OneDrive\Desktop\lastWarBotNew\tesseract_bin\tesseract.exe
2026-09-12 17:49:10,279 [INFO] Konsol penceresi (8450, 0) konumuna, 190x1000 boyutuna tasindi.
2026-09-12 17:49:10,279 [INFO] Kisayollar:
2026-09-12 17:49:10,279 [INFO]   S -> botu durdur
2026-09-12 17:49:10,279 [INFO]   J -> sonraki mouse tiklamasinin pikselini logla
2026-09-12 17:49:10,280 [INFO]   O -> metin bolgesini tara ve logla
2026-09-12 17:49:10,280 [INFO]   T -> kirmizi alanli tarama ekran goruntusunu ac/kapat
2026-09-12 17:49:10,280 [INFO]   E -> 300 saniyelik periyodik tiklama dongusunu ac/kapat
2026-09-12 17:49:10,280 [INFO]   R -> Uyari ve Arti taramasini ac/kapat
2026-09-12 17:49:10,280 [INFO]   P -> Tren taramasini ac/kapat
2026-09-12 17:49:10,280 [INFO]   A -> Hastane/Yardim/Asker taramasini ac/kapat (varsayilan kapali)
2026-09-12 17:49:10,280 [INFO]   Q -> Sayac zoom/OCR testini baslat (gercek kazi saldirisi olmadan; esik 20sn, 5 dogrulama, sonra ekran ortasina tiklar)
2026-09-12 17:49:10,280 [INFO]   U -> Sv.NN/Zombi Patronu OCR gri alan taramasini kaydet (paylas.png arama bolgesinin de ekran goruntusunu alir)
2026-09-12 17:49:10,281 [INFO]   L -> Kazi sayac modunu ac/kapat (acikken kazi sonundaki 60sn bekle+240sn tikla yerine, sayac 30sn altina ust uste 5 kez dogrulandiginda 40sn boyunca saniyede 10 tiklama yapilir; L kapaliyken kazi normal sureciyle calisir)
2026-09-12 17:49:10,281 [INFO] Oyun penceresi zaten acik; baslangic tiklamalari atlandi.
2026-09-12 17:49:10,460 [INFO] Oyun penceresi 1717x965 boyutuna sol uste tasindi.
2026-09-12 17:49:18,258 [INFO] Oyun zaten acikti; baslangic tiklamalari atlandi.
2026-09-12 17:49:18,262 [INFO] Bot calisiyor. Durdurmak icin S basin.
2026-09-12 17:49:20,114 [INFO] P -> Tren taramasi: kapali
2026-09-12 17:49:29,493 [INFO] P -> Tren taramasi: acik
2026-09-12 17:49:29,575 [INFO] A -> Hastane/Yardim/Asker taramasi: acik
2026-09-12 17:49:29,742 [INFO] L -> Kazi sayac modu: acik (acikken kazi normal surecinin sonundaki 60sn bekle+240sn tikla yerine, sayac 30sn altina ust uste 5 kez dogrulandiginda 40sn boyunca saniyede 10 tiklama yapilir; L kapaliyken kazi normal sureciyle calisir).
2026-09-12 17:49:48,887 [INFO] Tasinabilir Tesseract kullaniliyor: C:\Users\erdem\OneDrive\Desktop\lastWarBotNew\tesseract_bin\tesseract.exe
2026-09-12 17:49:48,888 [INFO] Konsol penceresi (8450, 0) konumuna, 190x1000 boyutuna tasindi.
2026-09-12 17:49:48,888 [INFO] Kisayollar:
2026-09-12 17:49:48,888 [INFO]   S -> botu durdur
2026-09-12 17:49:48,888 [INFO]   J -> sonraki mouse tiklamasinin pikselini logla
2026-09-12 17:49:48,888 [INFO]   O -> metin bolgesini tara ve logla
2026-09-12 17:49:48,888 [INFO]   T -> kirmizi alanli tarama ekran goruntusunu ac/kapat
2026-09-12 17:49:48,888 [INFO]   E -> 300 saniyelik periyodik tiklama dongusunu ac/kapat
2026-09-12 17:49:48,888 [INFO]   R -> Uyari ve Arti taramasini ac/kapat
2026-09-12 17:49:48,889 [INFO]   P -> Tren taramasini ac/kapat
2026-09-12 17:49:48,889 [INFO]   A -> Hastane/Yardim/Asker taramasini ac/kapat (varsayilan kapali)
2026-09-12 17:49:48,889 [INFO]   Q -> Sayac zoom/OCR testini baslat (gercek kazi saldirisi olmadan; esik 20sn, 5 dogrulama, sonra ekran ortasina tiklar)
2026-09-12 17:49:48,889 [INFO]   U -> Sv.NN/Zombi Patronu OCR gri alan taramasini kaydet (paylas.png arama bolgesinin de ekran goruntusunu alir)
2026-09-12 17:49:48,889 [INFO]   L -> Kazi sayac modunu ac/kapat (acikken kazi sonundaki 60sn bekle+240sn tikla yerine, sayac 30sn altina ust uste 5 kez dogrulandiginda 40sn boyunca saniyede 10 tiklama yapilir; L kapaliyken kazi normal sureciyle calisir)
2026-09-12 17:49:48,890 [INFO] Oyun penceresi zaten acik; baslangic tiklamalari atlandi.
2026-09-12 17:49:56,759 [INFO] Oyun zaten acikti; baslangic tiklamalari atlandi.
2026-09-12 17:49:56,763 [INFO] Bot calisiyor. Durdurmak icin S basin.
2026-09-12 17:51:00,143 [INFO] P -> Tren taramasi: kapali
2026-09-12 17:54:58,680 [INFO] Oyun kontrolu icin (1651, 900) 2 kez 1.0sn arayla tiklandi (300 saniye aralikla).
2026-09-12 18:00:01,018 [INFO] Oyun kontrolu icin (1651, 900) 2 kez 1.0sn arayla tiklandi (300 saniye aralikla).
2026-09-12 18:05:03,171 [INFO] Oyun kontrolu icin (1651, 900) 2 kez 1.0sn arayla tiklandi (300 saniye aralikla).
2026-09-12 18:10:04,891 [INFO] Oyun kontrolu icin (1651, 900) 2 kez 1.0sn arayla tiklandi (300 saniye aralikla).
2026-09-12 18:14:42,943 [INFO] J -> sonraki mouse tiklamasi bekleniyor.
2026-09-12 18:14:57,959 [INFO] J: 15 saniye icinde tiklama algilanmadi.
2026-09-12 18:15:06,444 [INFO] Oyun kontrolu icin (1651, 900) 2 kez 1.0sn arayla tiklandi (300 saniye aralikla).
2026-09-12 18:20:07,734 [INFO] Oyun kontrolu icin (1651, 900) 2 kez 1.0sn arayla tiklandi (300 saniye aralikla).
2026-09-12 18:25:09,618 [INFO] Oyun kontrolu icin (1651, 900) 2 kez 1.0sn arayla tiklandi (300 saniye aralikla).
2026-09-12 18:30:11,321 [INFO] Oyun kontrolu icin (1651, 900) 2 kez 1.0sn arayla tiklandi (300 saniye aralikla).
2026-09-12 18:35:13,158 [INFO] Oyun kontrolu icin (1651, 900) 2 kez 1.0sn arayla tiklandi (300 saniye aralikla).
2026-09-12 18:40:15,111 [INFO] Oyun kontrolu icin (1651, 900) 2 kez 1.0sn arayla tiklandi (300 saniye aralikla).
2026-09-12 18:45:16,580 [INFO] Oyun kontrolu icin (1651, 900) 2 kez 1.0sn arayla tiklandi (300 saniye aralikla).
2026-09-12 18:50:18,766 [INFO] Oyun kontrolu icin (1651, 900) 2 kez 1.0sn arayla tiklandi (300 saniye aralikla).
2026-09-12 18:50:18,778 [INFO] Oyun penceresi kapandi/gecersiz oldu; oyun yeniden baslatiliyor.
2026-09-12 18:50:19,877 [INFO] Oyun yeniden baslatilmadan once 60 saniye beklenecek.
2026-09-12 18:51:20,236 [INFO] Oyun baslatildi.
2026-09-12 18:51:27,392 [INFO] Oyun penceresi 1717x965 boyutuna sol uste tasindi.
2026-09-12 18:51:28,595 [INFO] Oyun penceresi 1717x965 boyutuna sol uste tasindi.
2026-09-12 18:51:30,666 [INFO] Oyun penceresi 1717x965 boyutuna sol uste tasindi.
2026-09-12 18:51:31,816 [INFO] Oyun penceresi 1717x965 boyutuna sol uste tasindi.
2026-09-12 18:51:33,269 [INFO] Oyun penceresi 1717x965 boyutuna sol uste tasindi.
2026-09-12 18:51:34,416 [INFO] Oyun penceresi 1717x965 boyutuna sol uste tasindi.
2026-09-12 18:51:35,550 [INFO] Oyun penceresi 1717x965 boyutuna sol uste tasindi.
2026-09-12 18:51:36,700 [INFO] Oyun penceresi 1717x965 boyutuna sol uste tasindi.
2026-09-12 18:51:41,917 [INFO] Baslangic tiklamasi: (1383, 908)
2026-09-12 18:51:42,519 [INFO] Baslangic tiklamasi: (791, 128)
2026-09-12 18:51:43,120 [INFO] Baslangic tiklamasi: (1090, 235)
2026-09-12 18:51:44,801 [INFO] Baslangic tiklamalarindan 1.0 saniye sonra ESC basildi.
2026-09-12 18:51:46,046 [INFO] Oyun kontrolu icin (1651, 900) 2 kez 1.0sn arayla tiklandi (300 saniye aralikla).
2026-09-12 18:56:47,356 [INFO] Oyun kontrolu icin (1651, 900) 2 kez 1.0sn arayla tiklandi (300 saniye aralikla).
2026-09-12 19:01:48,809 [INFO] Oyun kontrolu icin (1651, 900) 2 kez 1.0sn arayla tiklandi (300 saniye aralikla).
2026-09-12 19:02:39,166 [INFO] Oyun penceresi kapandi/gecersiz oldu; oyun yeniden baslatiliyor.
2026-09-12 19:02:40,273 [INFO] Oyun yeniden baslatilmadan once 60 saniye beklenecek.
2026-09-12 19:03:06,585 [INFO] P -> Tren taramasi: acik
2026-09-12 19:03:08,097 [INFO] P -> Tren taramasi: kapali
2026-09-12 19:03:22,667 [INFO] Tasinabilir Tesseract kullaniliyor: C:\Users\erdem\OneDrive\Desktop\lastWarBotNew\tesseract_bin\tesseract.exe
2026-09-12 19:03:22,668 [INFO] Konsol penceresi (3650, 0) konumuna, 190x1000 boyutuna tasindi.
2026-09-12 19:03:22,668 [INFO] Kisayollar:
2026-09-12 19:03:22,668 [INFO]   S -> botu durdur
2026-09-12 19:03:22,668 [INFO]   J -> sonraki mouse tiklamasinin pikselini logla
2026-09-12 19:03:22,668 [INFO]   O -> metin bolgesini tara ve logla
2026-09-12 19:03:22,669 [INFO]   T -> kirmizi alanli tarama ekran goruntusunu ac/kapat
2026-09-12 19:03:22,669 [INFO]   E -> 300 saniyelik periyodik tiklama dongusunu ac/kapat
2026-09-12 19:03:22,669 [INFO]   R -> Uyari ve Arti taramasini ac/kapat
2026-09-12 19:03:22,669 [INFO]   P -> Tren taramasini ac/kapat
2026-09-12 19:03:22,669 [INFO]   A -> Hastane/Yardim/Asker taramasini ac/kapat (varsayilan kapali)
2026-09-12 19:03:22,669 [INFO]   Q -> Sayac zoom/OCR testini baslat (gercek kazi saldirisi olmadan; esik 20sn, 5 dogrulama, sonra ekran ortasina tiklar)
2026-09-12 19:03:22,669 [INFO]   U -> Sv.NN/Zombi Patronu OCR gri alan taramasini kaydet (paylas.png arama bolgesinin de ekran goruntusunu alir)
2026-09-12 19:03:22,669 [INFO]   L -> Kazi sayac modunu ac/kapat (acikken kazi sonundaki 60sn bekle+240sn tikla yerine, sayac 30sn altina ust uste 5 kez dogrulandiginda 40sn boyunca saniyede 10 tiklama yapilir; L kapaliyken kazi normal sureciyle calisir)
2026-09-12 19:03:22,798 [INFO] Oyun baslatildi.
2026-09-12 19:03:28,886 [INFO] Oyun penceresi 1717x965 boyutuna sol uste tasindi.
2026-09-12 19:03:30,067 [INFO] Oyun penceresi 1717x965 boyutuna sol uste tasindi.
2026-09-12 19:03:43,180 [INFO] Baslangic tiklamasi: (1383, 908)
2026-09-12 19:03:43,782 [INFO] Baslangic tiklamasi: (791, 128)
2026-09-12 19:03:44,383 [INFO] Baslangic tiklamasi: (1090, 235)
2026-09-12 19:03:46,063 [INFO] Baslangic tiklamalarindan 1.0 saniye sonra ESC basildi.
2026-09-12 19:03:46,067 [INFO] Bot calisiyor. Durdurmak icin S basin.
2026-09-12 19:04:25,052 [INFO] S -> bot durduruluyor...
2026-09-12 19:04:25,152 [INFO] Bot basariyla sonlandirildi.
2026-09-12 19:07:54,735 [INFO] Tasinabilir Tesseract kullaniliyor: C:\Users\erdem\OneDrive\Desktop\lastWarBotNew\tesseract_bin\tesseract.exe
2026-09-12 19:07:54,736 [INFO] Konsol penceresi (3650, 0) konumuna, 190x1000 boyutuna tasindi.
2026-09-12 19:07:54,736 [INFO] Kisayollar:
2026-09-12 19:07:54,736 [INFO]   S -> botu durdur
2026-09-12 19:07:54,736 [INFO]   J -> sonraki mouse tiklamasinin pikselini logla
2026-09-12 19:07:54,736 [INFO]   O -> metin bolgesini tara ve logla
2026-09-12 19:07:54,736 [INFO]   T -> kirmizi alanli tarama ekran goruntusunu ac/kapat
2026-09-12 19:07:54,736 [INFO]   E -> 300 saniyelik periyodik tiklama dongusunu ac/kapat
2026-09-12 19:07:54,737 [INFO]   R -> Uyari ve Arti taramasini ac/kapat
2026-09-12 19:07:54,737 [INFO]   P -> Tren taramasini ac/kapat
2026-09-12 19:07:54,737 [INFO]   A -> Hastane/Yardim/Asker taramasini ac/kapat (varsayilan kapali)
2026-09-12 19:07:54,737 [INFO]   Q -> Sayac zoom/OCR testini baslat (gercek kazi saldirisi olmadan; esik 20sn, 5 dogrulama, sonra ekran ortasina tiklar)
2026-09-12 19:07:54,737 [INFO]   U -> Sv.NN/Zombi Patronu OCR gri alan taramasini kaydet (paylas.png arama bolgesinin de ekran goruntusunu alir)
2026-09-12 19:07:54,737 [INFO]   L -> Kazi sayac modunu ac/kapat (acikken kazi sonundaki 60sn bekle+240sn tikla yerine, sayac 30sn altina ust uste 5 kez dogrulandiginda 40sn boyunca saniyede 10 tiklama yapilir; L kapaliyken kazi normal sureciyle calisir)
2026-09-12 19:07:54,816 [INFO] Oyun baslatildi.
2026-09-12 19:08:14,431 [INFO] Baslangic tiklamasi: (1383, 908)
2026-09-12 19:08:15,033 [INFO] Baslangic tiklamasi: (791, 128)
2026-09-12 19:08:15,634 [INFO] Baslangic tiklamasi: (1090, 235)
2026-09-12 19:08:17,316 [INFO] Baslangic tiklamalarindan 1.0 saniye sonra ESC basildi.
2026-09-12 19:08:17,417 [INFO] ESC sonrasi (1651, 900) tiklandi.
2026-09-12 19:08:17,421 [INFO] Bot calisiyor. Durdurmak icin S basin.
2026-09-12 19:08:21,481 [INFO] P -> Tren taramasi: kapali
2026-09-12 19:13:19,453 [INFO] Oyun kontrolu icin (1651, 900) 2 kez 1.0sn arayla tiklandi (300 saniye aralikla).
2026-09-12 19:18:20,690 [INFO] Oyun kontrolu icin (1651, 900) 2 kez 1.0sn arayla tiklandi (300 saniye aralikla).
2026-09-12 19:21:46,603 [INFO] Periyodik tiklama dongusu (E) 130 saniyeligine pasife alindi.
2026-09-12 19:21:46,603 [INFO] CASE excavation: kazi.png bulundu (bolge ici=(46, 34)) 12.09 19:21
2026-09-12 19:21:46,604 [INFO] kazi -> bulundu_12092026_19:21
2026-09-12 19:21:47,607 [INFO] OCR oncesi tiklama (0.8 saniye beklendi): (1075, 243)
2026-09-12 19:21:48,374 [INFO] Metin taramasi:
2026-09-12 19:21:48,375 [INFO] . , , € Sohbet Ittifak Duyur!” baer olf platy A ne co ce ne boven cece ne ee i ZAYN şir. İZİ er 5 Varım rare | Vİ Lv.286) salty Badger Ye | The brave 300... and 1. | Fa ARS Tav) | YE Lv.28 Gi Salty Badger Eğ DERE Grown ms ai Wie EPEAT Lw.30G) Mr Just Chillin gb Paylaş gire - 8 Hazineyi kaz (Savaş Alanı #2279 X:547 Y:44a)
2026-09-12 19:21:48,486 [INFO] Hazineyi kaz hedef bulundu ve merkezine tiklandi: (749, 812)
2026-09-12 19:21:48,486 [INFO] Kazi saldirisi basladi; 300 saniyelik ESC izleme duraklatildi.
2026-09-12 19:21:48,487 [INFO] Harita sicramasi icin 2.0 saniye bekleniyor.
2026-09-12 19:21:50,603 [INFO] Oyun merkezi tiklandi: (858, 482)
2026-09-12 19:21:51,721 [INFO] Takip tiklamasi: (856, 592)
2026-09-12 19:21:52,823 [INFO] Saldirma tiklamasi: (856, 746)
2026-09-12 19:21:52,823 [INFO] Saldiri sonrasi 30 saniye sessizce bekleniyor.
2026-09-12 19:22:22,824 [INFO] 150 saniye boyunca (856, 460) konumuna 0.1 saniyede bir tiklanacak (paylas.png cikarsa erken durulacak).
2026-09-12 19:23:56,609 [INFO] Periyodik tiklama dongusu (E) tekrar aktif edildi.
2026-09-12 19:24:52,840 [INFO] 150 saniyelik hizli tiklama tamamlandi.
2026-09-12 19:24:52,840 [INFO] Kazi saldirisi tamamlandi; 300 saniyelik ESC izleme yeniden etkin.
2026-09-12 19:24:55,274 [INFO] Oyun kontrolu icin (1651, 900) 2 kez 1.0sn arayla tiklandi (300 saniye aralikla).
2026-09-12 19:26:45,158 [INFO] Periyodik tiklama dongusu (E) 130 saniyeligine pasife alindi.
2026-09-12 19:26:45,159 [INFO] CASE excavation: kazi.png bulundu (bolge ici=(47, 34)) 12.09 19:26
2026-09-12 19:26:45,159 [INFO] kazi -> bulundu_12092026_19:26
2026-09-12 19:26:46,163 [INFO] OCR oncesi tiklama (0.8 saniye beklendi): (1075, 243)
2026-09-12 19:26:46,683 [INFO] Metin taramasi:
2026-09-12 19:26:46,683 [INFO] Sohbet Ittifak Duyur''-"' rami Lv.28 Gi Long HongKong — ~~ Vİ eee | No >» Sİğ a WSS Lv.29 (ği Oneerahmet daf peice Thank you boss Bs al) | EZ Lv.28 Gi Salty Badger N = YY Sid ee W783 Lw.29 kohi ganteng ca © Paylas Bis SEP) [r0Ar)Pinguinita (Savaş Alanı #2279 X:547 Y:443] rn NEZ Lv.28@) .9d)gomurphy emi | O Paylas KÖ — [rOArjTaJo (Savaş Alanı #2279 X:529 Y:414) 19:26 ida) 52 Lv.29 Salty Nyx a © Paylas Yİ Hazineyi kaz (Savaş Alanı #2279 X:523 Y:434)
2026-09-12 19:26:46,786 [INFO] Hazineyi kaz hedef bulundu ve merkezine tiklandi: (749, 812)
2026-09-12 19:26:46,786 [INFO] Kazi saldirisi basladi; 300 saniyelik ESC izleme duraklatildi.
2026-09-12 19:26:46,786 [INFO] Harita sicramasi icin 2.0 saniye bekleniyor.
2026-09-12 19:26:48,892 [INFO] Oyun merkezi tiklandi: (858, 482)
2026-09-12 19:26:49,994 [INFO] Takip tiklamasi: (856, 592)
2026-09-12 19:26:51,096 [INFO] Saldirma tiklamasi: (856, 746)
2026-09-12 19:26:51,096 [INFO] Saldiri sonrasi 30 saniye sessizce bekleniyor.
2026-09-12 19:27:21,097 [INFO] 150 saniye boyunca (856, 460) konumuna 0.1 saniyede bir tiklanacak (paylas.png cikarsa erken durulacak).
2026-09-12 19:27:37,760 [INFO] paylas.png bulundu; hizli tiklama erken durduruldu ve ESC basildi.
2026-09-12 19:27:37,760 [INFO] Kazi saldirisi tamamlandi; 300 saniyelik ESC izleme yeniden etkin.
2026-09-12 19:28:55,161 [INFO] Periyodik tiklama dongusu (E) tekrar aktif edildi.
2026-09-12 19:29:57,837 [INFO] Oyun kontrolu icin (1651, 900) 2 kez 1.0sn arayla tiklandi (300 saniye aralikla).
2026-09-12 19:32:53,417 [INFO] Periyodik tiklama dongusu (E) 130 saniyeligine pasife alindi.
2026-09-12 19:32:53,417 [INFO] CASE excavation: kazi.png bulundu (bolge ici=(44, 34)) 12.09 19:32
2026-09-12 19:32:53,417 [INFO] kazi -> bulundu_12092026_19:32
2026-09-12 19:32:54,432 [INFO] OCR oncesi tiklama (0.8 saniye beklendi): (1075, 243)
2026-09-12 19:32:54,925 [INFO] Metin taramasi:
2026-09-12 19:32:54,925 [INFO] Sohbet Ittifak Duyurı'"": hz») Cevap Ver Hunter prince: Need ore As expected G5 Ms W743 Lv.28 (gi Hunter prince wi ty , Ni Ki v, Bugün yangınları 10 kez söndürmeye yardım te ettim, süper havalı! 4 mmm LU.28 6; Salty Wisam | © Paylas Nam [EVEX]Salty Wisam (Savaş Alanı #2279 X:523 Y:427) mm Lv.28G) Salty Wisam | v = Iginow gi jyjsi FAN a | 19:32 me, We Lv.28G) Mad Casper Şb rr) | Hazineyi kaz (Savaş Alanı #2279 X:519 Y:434)
2026-09-12 19:32:55,028 [INFO] Hazineyi kaz hedef bulundu ve merkezine tiklandi: (749, 812)
2026-09-12 19:32:55,028 [INFO] Kazi saldirisi basladi; 300 saniyelik ESC izleme duraklatildi.
2026-09-12 19:32:55,028 [INFO] Harita sicramasi icin 2.0 saniye bekleniyor.
2026-09-12 19:32:57,132 [INFO] Oyun merkezi tiklandi: (858, 482)
2026-09-12 19:32:58,248 [INFO] Takip tiklamasi: (856, 592)
2026-09-12 19:32:59,349 [INFO] Saldirma tiklamasi: (856, 746)
2026-09-12 19:32:59,349 [INFO] Saldiri sonrasi 30 saniye sessizce bekleniyor.
2026-09-12 19:33:29,351 [INFO] 150 saniye boyunca (856, 460) konumuna 0.1 saniyede bir tiklanacak (paylas.png cikarsa erken durulacak).
2026-09-12 19:35:03,421 [INFO] Periyodik tiklama dongusu (E) tekrar aktif edildi.
2026-09-12 19:35:59,452 [INFO] 150 saniyelik hizli tiklama tamamlandi.
2026-09-12 19:35:59,453 [INFO] Kazi saldirisi tamamlandi; 300 saniyelik ESC izleme yeniden etkin.
2026-09-12 19:36:01,890 [INFO] Oyun kontrolu icin (1651, 900) 2 kez 1.0sn arayla tiklandi (300 saniye aralikla).
2026-09-12 19:36:03,461 [INFO] paylas.png bulundu (surekli tarama); ESC basildi.
2026-09-12 19:41:04,232 [INFO] Oyun kontrolu icin (1651, 900) 2 kez 1.0sn arayla tiklandi (300 saniye aralikla).
2026-09-12 19:46:05,469 [INFO] Oyun kontrolu icin (1651, 900) 2 kez 1.0sn arayla tiklandi (300 saniye aralikla).
2026-09-12 19:51:06,689 [INFO] Oyun kontrolu icin (1651, 900) 2 kez 1.0sn arayla tiklandi (300 saniye aralikla).
2026-09-12 19:56:08,027 [INFO] Oyun kontrolu icin (1651, 900) 2 kez 1.0sn arayla tiklandi (300 saniye aralikla).
2026-09-12 20:01:10,263 [INFO] Oyun kontrolu icin (1651, 900) 2 kez 1.0sn arayla tiklandi (300 saniye aralikla).
2026-09-12 20:06:12,235 [INFO] Oyun kontrolu icin (1651, 900) 2 kez 1.0sn arayla tiklandi (300 saniye aralikla).
2026-09-12 20:11:14,361 [INFO] Oyun kontrolu icin (1651, 900) 2 kez 1.0sn arayla tiklandi (300 saniye aralikla).
2026-09-12 20:16:16,589 [INFO] Oyun kontrolu icin (1651, 900) 2 kez 1.0sn arayla tiklandi (300 saniye aralikla).
2026-09-12 20:21:18,383 [INFO] Oyun kontrolu icin (1651, 900) 2 kez 1.0sn arayla tiklandi (300 saniye aralikla).
2026-09-12 20:26:20,790 [INFO] Oyun kontrolu icin (1651, 900) 2 kez 1.0sn arayla tiklandi (300 saniye aralikla).
2026-09-12 20:31:22,936 [INFO] Oyun kontrolu icin (1651, 900) 2 kez 1.0sn arayla tiklandi (300 saniye aralikla).
2026-09-12 20:36:25,524 [INFO] Oyun kontrolu icin (1651, 900) 2 kez 1.0sn arayla tiklandi (300 saniye aralikla).
2026-09-12 20:39:57,549 [INFO] Periyodik tiklama dongusu (E) 30 saniyeligine pasife alindi.
2026-09-12 20:39:57,552 [INFO] CASE clover: yonca.png bulundu (bolge ici=(46, 33)) 12.09 20:39
2026-09-12 20:39:57,552 [INFO] yonca -> bulundu_12092026_20:39
2026-09-12 20:39:58,556 [INFO] OCR oncesi tiklama (0.8 saniye beklendi): (1090, 235)
2026-09-12 20:39:59,083 [INFO] Metin taramasi:
2026-09-12 20:39:59,084 [INFO] @ Sohbet İttifak Duyuru ma) SdVdy dLEŞi sures! UUISUMI kalkan basıp geleceğim (paz) Lu. 30 Zentusuken = 5 , ‘a YELE Lv.28@ s4jgomurphy (a isclé gi Ja Ruinnnn@ & sua (AR \ a 20:34 gm) VE Lv.286) .92)gomurphy 7 Mİ O Paylas Cm) (EVEXJRuinnnn (Savaş Alanı #2278 X:9 Y:710) 20:39 mi w 2 Lu.29 Gi mikejones26 r$ | zl Şanslı Hediye dö kJ Az önce 5,000 Elmas'u aldım. Gelin bu şansı paylaşalım! 1/20 ; paylaş Yo
2026-09-12 20:39:59,186 [INFO] Şanslı Hediye hedef bulundu ve merkezine tiklandi: (859, 755)
2026-09-12 20:40:00,303 [INFO] OCR hedefinden sonra ek tiklama: (859, 668)
2026-09-12 20:40:02,203 [INFO] OCR hedefinden sonra ESC 3 kere basildi.
2026-09-12 20:40:27,558 [INFO] Periyodik tiklama dongusu (E) tekrar aktif edildi.
2026-09-12 20:41:27,230 [INFO] Oyun kontrolu icin (1651, 900) 2 kez 1.0sn arayla tiklandi (300 saniye aralikla).
2026-09-12 20:46:29,530 [INFO] Oyun kontrolu icin (1651, 900) 2 kez 1.0sn arayla tiklandi (300 saniye aralikla).
2026-09-12 20:48:17,352 [INFO] P -> Tren taramasi: acik
2026-09-12 20:48:18,201 [INFO] CASE tren: tren.png bulundu (bolge ici=(27, 25)) 12.09 20:48
2026-09-12 20:48:18,202 [INFO] tren -> bulundu_12092026_20:48
2026-09-12 20:48:18,320 [INFO] tren.png bulundu; ortasina tiklandi: (46, 557)
2026-09-12 20:48:18,320 [INFO] Tren bulundu; 300 saniyelik periyodik tiklama dongusu durduruldu.
2026-09-12 20:48:18,420 [INFO] Tren onay tiklamasi 1: (1295, 155)
2026-09-12 20:48:20,536 [INFO] Tren onay tiklamasi 2: (1295, 155)
2026-09-12 20:48:21,653 [INFO] Tren onay tiklamasi 3: (1295, 155)
2026-09-12 20:48:23,770 [INFO] Tren onay tiklamasi 4: (854, 785)
2026-09-12 20:48:24,872 [INFO] Tren onay tiklamasi 5: (916, 592)
2026-09-12 20:48:25,473 [INFO] Tren onay tiklamasi 6: (916, 592)
2026-09-12 20:48:26,074 [INFO] Tren onay tiklamasi 7: (966, 702)
2026-09-12 20:48:28,471 [INFO] Tren akisi sonunda ESC 3 kere basildi.
2026-09-12 20:48:28,471 [INFO] 300 saniyelik periyodik tiklama dongusu tekrar baslatildi.
2026-09-12 20:48:29,934 [INFO] CASE tren: tren.png bulundu (bolge ici=(27, 25)) 12.09 20:48
2026-09-12 20:48:29,934 [INFO] tren -> bulundu_12092026_20:48
2026-09-12 20:48:30,037 [INFO] tren.png bulundu; ortasina tiklandi: (46, 557)
2026-09-12 20:48:30,037 [INFO] Tren bulundu; 300 saniyelik periyodik tiklama dongusu durduruldu.
2026-09-12 20:48:30,137 [INFO] P -> Tren taramasi: kapali
2026-09-12 20:48:30,138 [INFO] Tren onay tiklamasi 1: (1295, 155)
2026-09-12 20:48:32,239 [INFO] Tren onay tiklamasi 2: (1295, 155)
2026-09-12 20:48:33,354 [INFO] Tren onay tiklamasi 3: (1295, 155)
2026-09-12 20:48:35,456 [INFO] Tren onay tiklamasi 4: (854, 785)
2026-09-12 20:48:36,557 [INFO] Tren onay tiklamasi 5: (916, 592)
2026-09-12 20:48:37,158 [INFO] Tren onay tiklamasi 6: (916, 592)
2026-09-12 20:48:37,759 [INFO] Tren onay tiklamasi 7: (966, 702)
2026-09-12 20:48:39,172 [INFO] P -> Tren taramasi: acik
2026-09-12 20:48:39,954 [INFO] P -> Tren taramasi: kapali
2026-09-12 20:48:40,138 [INFO] Tren akisi sonunda ESC 3 kere basildi.
2026-09-12 20:48:40,138 [INFO] 300 saniyelik periyodik tiklama dongusu tekrar baslatildi.
2026-09-12 20:48:41,454 [INFO] oyundanCikNew.png bulundu; ESC basildi.
2026-09-12 20:49:31,941 [INFO] T -> tarama ekran goruntusu: acik
2026-09-12 20:49:32,191 [INFO] R -> Uyari/Arti taramasi: acik
2026-09-12 20:49:32,224 [INFO] E -> 300 saniyelik periyodik tiklama dongusu: kapali
2026-09-12 20:49:32,900 [INFO] uyari_alani icin kirmizi cerceveli ekran goruntusu: C:\Users\erdem\OneDrive\Desktop\lastWarBotNew\screenShots\uyari_alani_12092026_204932.png
2026-09-12 20:49:33,008 [INFO] S -> bot durduruluyor...
2026-09-12 20:49:33,075 [INFO] 
[UYARI BULUNDU] Tiklandi -> (1657, 613)
2026-09-12 20:49:34,177 [INFO] ralli_alani icin kirmizi cerceveli ekran goruntusu: C:\Users\erdem\OneDrive\Desktop\lastWarBotNew\screenShots\ralli_alani_12092026_204934.png
2026-09-12 20:49:37,642 [INFO] [RALLI BULUNAMADI] Ekran acilmadi, ESC basildi.
2026-09-12 20:49:37,642 [INFO] Bot basariyla sonlandirildi.
2026-09-12 20:51:07,829 [INFO] Tasinabilir Tesseract kullaniliyor: C:\Users\erdem\OneDrive\Desktop\lastWarBotNew\tesseract_bin\tesseract.exe
2026-09-12 20:51:07,829 [INFO] Konsol penceresi (3650, 0) konumuna, 190x1000 boyutuna tasindi.
2026-09-12 20:51:07,829 [INFO] Kisayollar:
2026-09-12 20:51:07,829 [INFO]   S -> botu durdur
2026-09-12 20:51:07,830 [INFO]   J -> sonraki mouse tiklamasinin pikselini logla
2026-09-12 20:51:07,830 [INFO]   O -> metin bolgesini tara ve logla
2026-09-12 20:51:07,830 [INFO]   T -> kirmizi alanli tarama ekran goruntusunu ac/kapat
2026-09-12 20:51:07,830 [INFO]   E -> 300 saniyelik periyodik tiklama dongusunu ac/kapat
2026-09-12 20:51:07,830 [INFO]   R -> Uyari ve Arti taramasini ac/kapat
2026-09-12 20:51:07,830 [INFO]   P -> Tren taramasini ac/kapat
2026-09-12 20:51:07,830 [INFO]   A -> Hastane/Yardim/Asker taramasini ac/kapat (varsayilan kapali)
2026-09-12 20:51:07,830 [INFO]   Q -> Sayac zoom/OCR testini baslat (gercek kazi saldirisi olmadan; esik 20sn, 5 dogrulama, sonra ekran ortasina tiklar)
2026-09-12 20:51:07,831 [INFO]   U -> Sv.NN/Zombi Patronu OCR gri alan taramasini kaydet (paylas.png arama bolgesinin de ekran goruntusunu alir)
2026-09-12 20:51:07,831 [INFO]   L -> Kazi sayac modunu ac/kapat (acikken kazi sonundaki 60sn bekle+240sn tikla yerine, sayac 30sn altina ust uste 5 kez dogrulandiginda 40sn boyunca saniyede 10 tiklama yapilir; L kapaliyken kazi normal sureciyle calisir)
2026-09-12 20:51:07,933 [INFO] Oyun baslatildi.
2026-09-12 20:51:28,132 [INFO] Baslangic tiklamasi: (1383, 908)
2026-09-12 20:51:28,734 [INFO] Baslangic tiklamasi: (791, 128)
2026-09-12 20:51:29,349 [INFO] Baslangic tiklamasi: (1090, 235)
2026-09-12 20:51:31,033 [INFO] Baslangic tiklamalarindan 1.0 saniye sonra ESC basildi.
2026-09-12 20:51:31,149 [INFO] ESC sonrasi (1651, 900) tiklandi.
2026-09-12 20:51:31,157 [INFO] Bot calisiyor. Durdurmak icin S basin.
2026-09-12 20:51:31,564 [INFO] CASE tren: tren.png bulundu (bolge ici=(24, 25)) 12.09 20:51
2026-09-12 20:51:31,564 [INFO] tren -> bulundu_12092026_20:51
2026-09-12 20:51:31,666 [INFO] tren.png bulundu; ortasina tiklandi: (43, 557)
2026-09-12 20:51:31,667 [INFO] Tren bulundu; 300 saniyelik periyodik tiklama dongusu durduruldu.
2026-09-12 20:51:31,768 [INFO] Tren onay tiklamasi 1: (1295, 155)
2026-09-12 20:51:34,869 [INFO] Tren onay tiklamasi 2: (1295, 155)
2026-09-12 20:51:35,970 [INFO] Tren onay tiklamasi 3: (1295, 155)
2026-09-12 20:51:38,083 [INFO] Tren onay tiklamasi 4: (854, 785)
2026-09-12 20:51:39,184 [INFO] Tren onay tiklamasi 5: (916, 592)
2026-09-12 20:51:39,785 [INFO] Tren onay tiklamasi 6: (916, 592)
2026-09-12 20:51:40,387 [INFO] Tren onay tiklamasi 7: (966, 702)
2026-09-12 20:51:42,767 [INFO] Tren akisi sonunda ESC 3 kere basildi.
2026-09-12 20:51:42,767 [INFO] 300 saniyelik periyodik tiklama dongusu tekrar baslatildi.
2026-09-12 20:51:44,230 [INFO] CASE tren: tren.png bulundu (bolge ici=(27, 25)) 12.09 20:51
2026-09-12 20:51:44,231 [INFO] tren -> bulundu_12092026_20:51
2026-09-12 20:51:44,333 [INFO] tren.png bulundu; ortasina tiklandi: (46, 557)
2026-09-12 20:51:44,334 [INFO] Tren bulundu; 300 saniyelik periyodik tiklama dongusu durduruldu.
2026-09-12 20:51:44,435 [INFO] Tren onay tiklamasi 1: (1295, 155)
2026-09-12 20:51:47,550 [INFO] Tren onay tiklamasi 2: (1295, 155)
2026-09-12 20:51:48,651 [INFO] Tren onay tiklamasi 3: (1295, 155)
2026-09-12 20:51:50,768 [INFO] Tren onay tiklamasi 4: (854, 785)
2026-09-12 20:51:51,870 [INFO] Tren onay tiklamasi 5: (916, 592)
2026-09-12 20:51:52,471 [INFO] Tren onay tiklamasi 6: (916, 592)
2026-09-12 20:51:53,073 [INFO] Tren onay tiklamasi 7: (966, 702)
2026-09-12 20:51:55,468 [INFO] Tren akisi sonunda ESC 3 kere basildi.
2026-09-12 20:51:55,469 [INFO] 300 saniyelik periyodik tiklama dongusu tekrar baslatildi.
2026-09-12 20:51:58,401 [INFO] P -> Tren taramasi: kapali
2026-09-12 20:52:10,935 [INFO] paylas.png bulundu (surekli tarama); ESC basildi.
2026-09-12 20:56:32,654 [INFO] Oyun kontrolu icin (1651, 900) 2 kez 1.0sn arayla tiklandi (300 saniye aralikla).
2026-09-12 21:01:34,875 [INFO] Oyun kontrolu icin (1651, 900) 2 kez 1.0sn arayla tiklandi (300 saniye aralikla).
2026-09-12 21:06:37,164 [INFO] Oyun kontrolu icin (1651, 900) 2 kez 1.0sn arayla tiklandi (300 saniye aralikla).
2026-09-12 21:11:38,585 [INFO] Oyun kontrolu icin (1651, 900) 2 kez 1.0sn arayla tiklandi (300 saniye aralikla).
2026-09-12 21:16:39,988 [INFO] Oyun kontrolu icin (1651, 900) 2 kez 1.0sn arayla tiklandi (300 saniye aralikla).
2026-09-12 21:21:41,801 [INFO] Oyun kontrolu icin (1651, 900) 2 kez 1.0sn arayla tiklandi (300 saniye aralikla).
2026-09-12 21:26:43,420 [INFO] Oyun kontrolu icin (1651, 900) 2 kez 1.0sn arayla tiklandi (300 saniye aralikla).
2026-09-12 21:31:45,665 [INFO] Oyun kontrolu icin (1651, 900) 2 kez 1.0sn arayla tiklandi (300 saniye aralikla).
2026-09-12 21:36:48,052 [INFO] Oyun kontrolu icin (1651, 900) 2 kez 1.0sn arayla tiklandi (300 saniye aralikla).
2026-09-12 21:41:50,038 [INFO] Oyun kontrolu icin (1651, 900) 2 kez 1.0sn arayla tiklandi (300 saniye aralikla).
2026-09-12 21:42:28,805 [INFO] S -> bot durduruluyor...
2026-09-12 21:42:28,906 [INFO] Bot basariyla sonlandirildi.
2026-09-12 21:42:42,746 [INFO] Tasinabilir Tesseract kullaniliyor: C:\Users\erdem\OneDrive\Desktop\lastWarBotNew\tesseract_bin\tesseract.exe
2026-09-12 21:42:42,747 [INFO] Konsol penceresi (3650, 0) konumuna, 190x1000 boyutuna tasindi.
2026-09-12 21:42:42,747 [INFO] Kisayollar:
2026-09-12 21:42:42,747 [INFO]   S -> botu durdur
2026-09-12 21:42:42,747 [INFO]   J -> sonraki mouse tiklamasinin pikselini logla
2026-09-12 21:42:42,747 [INFO]   O -> metin bolgesini tara ve logla
2026-09-12 21:42:42,747 [INFO]   T -> kirmizi alanli tarama ekran goruntusunu ac/kapat
2026-09-12 21:42:42,748 [INFO]   E -> 300 saniyelik periyodik tiklama dongusunu ac/kapat
2026-09-12 21:42:42,748 [INFO]   R -> Uyari ve Arti taramasini ac/kapat
2026-09-12 21:42:42,748 [INFO]   P -> Tren taramasini ac/kapat
2026-09-12 21:42:42,748 [INFO]   A -> Hastane/Yardim/Asker taramasini ac/kapat (varsayilan kapali)
2026-09-12 21:42:42,748 [INFO]   Q -> Sayac zoom/OCR testini baslat (gercek kazi saldirisi olmadan; esik 20sn, 5 dogrulama, sonra ekran ortasina tiklar)
2026-09-12 21:42:42,748 [INFO]   U -> Sv.NN/Zombi Patronu OCR gri alan taramasini kaydet (paylas.png arama bolgesinin de ekran goruntusunu alir)
2026-09-12 21:42:42,748 [INFO]   L -> Kazi sayac modunu ac/kapat (acikken kazi sonundaki 60sn bekle+240sn tikla yerine, sayac 30sn altina ust uste 5 kez dogrulandiginda 40sn boyunca saniyede 10 tiklama yapilir; L kapaliyken kazi normal sureciyle calisir)
2026-09-12 21:42:42,749 [INFO] Oyun penceresi zaten acik; baslangic tiklamalari atlandi.
2026-09-12 21:42:50,623 [INFO] Oyun zaten acikti; baslangic tiklamalari atlandi.
2026-09-12 21:42:50,628 [INFO] Bot calisiyor. Durdurmak icin S basin.
2026-09-12 21:47:52,945 [INFO] Oyun kontrolu icin (1651, 900) 2 kez 1.0sn arayla tiklandi (300 saniye aralikla).
2026-09-12 21:52:55,245 [INFO] Oyun kontrolu icin (1651, 900) 2 kez 1.0sn arayla tiklandi (300 saniye aralikla).
2026-09-12 21:56:04,427 [INFO] oyundanCikNew.png bulundu; ESC basildi.
2026-09-12 21:56:05,993 [INFO] oyundanCikNew.png bulundu; ESC basildi.
2026-09-12 21:56:07,544 [INFO] oyundanCikNew.png bulundu; ESC basildi.
2026-09-12 21:56:09,078 [INFO] oyundanCikNew.png bulundu; ESC basildi.
2026-09-12 22:00:10,943 [INFO] P -> Tren taramasi: kapali
2026-09-12 22:01:11,649 [INFO] Oyun kontrolu icin (1651, 900) 2 kez 1.0sn arayla tiklandi (300 saniye aralikla).
2026-09-12 22:03:03,905 [INFO] T -> tarama ekran goruntusu: acik
2026-09-12 22:03:04,072 [INFO] T -> tarama ekran goruntusu: kapali
2026-09-12 22:03:04,559 [INFO] A -> Hastane/Yardim/Asker taramasi: acik
2026-09-12 22:03:05,239 [INFO] E -> 300 saniyelik periyodik tiklama dongusu: kapali
2026-09-12 22:03:05,338 [INFO] R -> Uyari/Arti taramasi: acik
2026-09-12 22:03:05,722 [INFO] E -> 300 saniyelik periyodik tiklama dongusu: acik
2026-09-12 22:03:06,126 [INFO] E -> 300 saniyelik periyodik tiklama dongusu: kapali
2026-09-12 22:03:06,689 [INFO] L -> Kazi sayac modu: acik (acikken kazi normal surecinin sonundaki 60sn bekle+240sn tikla yerine, sayac 30sn altina ust uste 5 kez dogrulandiginda 40sn boyunca saniyede 10 tiklama yapilir; L kapaliyken kazi normal sureciyle calisir).
2026-09-12 22:03:06,706 [INFO] E -> 300 saniyelik periyodik tiklama dongusu: acik
2026-09-12 22:03:07,139 [INFO] A -> Hastane/Yardim/Asker taramasi: kapali
2026-09-12 22:03:07,340 [INFO] R -> Uyari/Arti taramasi: kapali
2026-09-12 22:03:08,223 [INFO] S -> bot durduruluyor...
2026-09-12 22:03:08,254 [INFO] Bot basariyla sonlandirildi.
2026-09-12 22:04:34,926 [INFO] Tasinabilir Tesseract kullaniliyor: C:\Users\erdem\OneDrive\Desktop\lastWarBotNew\tesseract_bin\tesseract.exe
2026-09-12 22:04:34,926 [INFO] Konsol penceresi (3650, 0) konumuna, 190x1000 boyutuna tasindi.
2026-09-12 22:04:34,927 [INFO] Kisayollar:
2026-09-12 22:04:34,927 [INFO]   S -> botu durdur
2026-09-12 22:04:34,927 [INFO]   J -> sonraki mouse tiklamasinin pikselini logla
2026-09-12 22:04:34,927 [INFO]   O -> metin bolgesini tara ve logla
2026-09-12 22:04:34,927 [INFO]   T -> kirmizi alanli tarama ekran goruntusunu ac/kapat
2026-09-12 22:04:34,928 [INFO]   E -> 300 saniyelik periyodik tiklama dongusunu ac/kapat
2026-09-12 22:04:34,928 [INFO]   R -> Uyari ve Arti taramasini ac/kapat
2026-09-12 22:04:34,928 [INFO]   P -> Tren taramasini ac/kapat
2026-09-12 22:04:34,928 [INFO]   A -> Hastane/Yardim/Asker taramasini ac/kapat (varsayilan kapali)
2026-09-12 22:04:34,928 [INFO]   Q -> Sayac zoom/OCR testini baslat (gercek kazi saldirisi olmadan; esik 20sn, 5 dogrulama, sonra ekran ortasina tiklar)
2026-09-12 22:04:34,928 [INFO]   U -> Sv.NN/Zombi Patronu OCR gri alan taramasini kaydet (paylas.png arama bolgesinin de ekran goruntusunu alir)
2026-09-12 22:04:34,928 [INFO]   L -> Kazi sayac modunu ac/kapat (acikken kazi sonundaki 60sn bekle+240sn tikla yerine, sayac 30sn altina ust uste 5 kez dogrulandiginda 40sn boyunca saniyede 10 tiklama yapilir; L kapaliyken kazi normal sureciyle calisir)
2026-09-12 22:04:34,929 [INFO] Oyun penceresi zaten acik; baslangic tiklamalari atlandi.
2026-09-12 22:04:35,096 [INFO] Oyun penceresi 1717x965 boyutuna sol uste tasindi.
2026-09-12 22:04:42,862 [INFO] Oyun zaten acikti; baslangic tiklamalari atlandi.
2026-09-12 22:04:42,865 [INFO] Bot calisiyor. Durdurmak icin S basin.
2026-09-12 22:04:44,361 [INFO] P -> Tren taramasi: kapali
2026-09-12 22:09:44,216 [INFO] Oyun kontrolu icin (1651, 900) 2 kez 1.0sn arayla tiklandi (300 saniye aralikla).
2026-09-12 22:14:46,419 [INFO] Oyun kontrolu icin (1651, 900) 2 kez 1.0sn arayla tiklandi (300 saniye aralikla).
2026-09-12 22:19:48,691 [INFO] Oyun kontrolu icin (1651, 900) 2 kez 1.0sn arayla tiklandi (300 saniye aralikla).
2026-09-12 22:24:50,879 [INFO] Oyun kontrolu icin (1651, 900) 2 kez 1.0sn arayla tiklandi (300 saniye aralikla).
2026-09-12 22:29:52,448 [INFO] Oyun kontrolu icin (1651, 900) 2 kez 1.0sn arayla tiklandi (300 saniye aralikla).
2026-09-12 22:34:54,602 [INFO] Oyun kontrolu icin (1651, 900) 2 kez 1.0sn arayla tiklandi (300 saniye aralikla).
2026-09-12 22:39:56,022 [INFO] Oyun kontrolu icin (1651, 900) 2 kez 1.0sn arayla tiklandi (300 saniye aralikla).
2026-09-12 22:44:57,875 [INFO] Oyun kontrolu icin (1651, 900) 2 kez 1.0sn arayla tiklandi (300 saniye aralikla).
2026-09-12 22:49:59,944 [INFO] Oyun kontrolu icin (1651, 900) 2 kez 1.0sn arayla tiklandi (300 saniye aralikla).
2026-09-12 22:49:59,960 [INFO] Oyun penceresi kapandi/gecersiz oldu; oyun yeniden baslatiliyor.
2026-09-12 22:50:01,058 [INFO] Oyun yeniden baslatilmadan once 60 saniye beklenecek.
2026-09-12 22:51:01,396 [INFO] Oyun baslatildi.
2026-09-12 22:51:07,988 [INFO] Oyun penceresi 1717x965 boyutuna sol uste tasindi.
2026-09-12 22:51:09,164 [INFO] Oyun penceresi 1717x965 boyutuna sol uste tasindi.
2026-09-12 22:51:10,595 [INFO] Oyun penceresi 1717x965 boyutuna sol uste tasindi.
2026-09-12 22:51:12,416 [INFO] Oyun penceresi 1717x965 boyutuna sol uste tasindi.
2026-09-12 22:51:13,561 [INFO] Oyun penceresi 1717x965 boyutuna sol uste tasindi.
2026-09-12 22:51:14,711 [INFO] Oyun penceresi 1717x965 boyutuna sol uste tasindi.
2026-09-12 22:51:15,861 [INFO] Oyun penceresi 1717x965 boyutuna sol uste tasindi.
2026-09-12 22:51:17,011 [INFO] Oyun penceresi 1717x965 boyutuna sol uste tasindi.
2026-09-12 22:51:22,228 [INFO] Baslangic tiklamasi: (1383, 908)
2026-09-12 22:51:22,829 [INFO] Baslangic tiklamasi: (791, 128)
2026-09-12 22:51:23,431 [INFO] Baslangic tiklamasi: (1090, 235)
2026-09-12 22:51:25,111 [INFO] Baslangic tiklamalarindan 1.0 saniye sonra ESC basildi.
2026-09-12 22:51:25,228 [INFO] ESC sonrasi (1651, 900) tiklandi.
2026-09-12 22:51:26,469 [INFO] Oyun kontrolu icin (1651, 900) 2 kez 1.0sn arayla tiklandi (300 saniye aralikla).
2026-09-12 22:56:28,866 [INFO] Oyun kontrolu icin (1651, 900) 2 kez 1.0sn arayla tiklandi (300 saniye aralikla).
2026-09-12 23:01:31,319 [INFO] Oyun kontrolu icin (1651, 900) 2 kez 1.0sn arayla tiklandi (300 saniye aralikla).
2026-09-12 23:06:32,925 [INFO] Oyun kontrolu icin (1651, 900) 2 kez 1.0sn arayla tiklandi (300 saniye aralikla).
2026-09-12 23:08:44,715 [INFO] Periyodik tiklama dongusu (E) 130 saniyeligine pasife alindi.
2026-09-12 23:08:44,716 [INFO] CASE excavation: kazi.png bulundu (bolge ici=(52, 34)) 12.09 23:08
2026-09-12 23:08:44,716 [INFO] kazi -> bulundu_12092026_23:08
2026-09-12 23:08:45,740 [INFO] OCR oncesi tiklama (0.8 saniye beklendi): (1075, 243)
2026-09-12 23:08:46,315 [INFO] Metin taramasi:
2026-09-12 23:08:46,315 [INFO] N : , J | Sohbet ittifak Duyurrısıı e İİ e 4 Lv.29 BIGG PIGG | ie. | © Paylas e Hazineyi kaz (Savaş Alanı #2279 X:541 j Y:44a) aram | YE Lv.286) oajgomurphy o” Gizli Görevle AN | KÖ m) | [FFFa] phönix27'ın Gizli Görevler'i (Savaş Alanı #2280 X:672 Y:391) BIGG P1GG'ın (541,444)'daki hazinesi çıkarıldı! & J at Lv.28 6 Dayi Dayi |! VY SİRİ güliz Lw.28 @ Long time ago x Ven ty in, a a mi > © GQ Lv.30 G chak777 ~ | thanks
2026-09-12 23:08:46,424 [INFO] Hazineyi kaz hedef bulundu ve merkezine tiklandi: (758, 286)
2026-09-12 23:08:46,424 [INFO] Kazi saldirisi basladi; 300 saniyelik ESC izleme duraklatildi.
2026-09-12 23:08:46,424 [INFO] Harita sicramasi icin 2.0 saniye bekleniyor.
2026-09-12 23:08:48,541 [INFO] Oyun merkezi tiklandi: (868, 482)
2026-09-12 23:08:49,658 [INFO] Takip tiklamasi: (856, 592)
2026-09-12 23:08:50,759 [INFO] Saldirma tiklamasi: (856, 746)
2026-09-12 23:08:50,759 [INFO] Saldiri sonrasi 45 saniye sessizce bekleniyor.
2026-09-12 23:09:35,761 [INFO] 150 saniye boyunca (856, 460) konumuna 0.1 saniyede bir tiklanacak (paylas.png cikarsa erken durulacak).
2026-09-12 23:09:39,961 [INFO] paylas.png bulundu; hizli tiklama erken durduruldu ve ESC basildi.
2026-09-12 23:09:39,961 [INFO] Kazi saldirisi tamamlandi; 300 saniyelik ESC izleme yeniden etkin.
2026-09-12 23:10:54,723 [INFO] Periyodik tiklama dongusu (E) tekrar aktif edildi.
2026-09-12 23:11:35,153 [INFO] Oyun kontrolu icin (1651, 900) 2 kez 1.0sn arayla tiklandi (300 saniye aralikla).
2026-09-12 23:16:37,374 [INFO] Oyun kontrolu icin (1651, 900) 2 kez 1.0sn arayla tiklandi (300 saniye aralikla).
2026-09-12 23:17:18,169 [INFO] S -> bot durduruluyor...
2026-09-12 23:17:18,271 [INFO] Bot basariyla sonlandirildi.
2026-09-12 23:23:27,095 [INFO] Tasinabilir Tesseract kullaniliyor: C:\Users\erdem\OneDrive\Desktop\lastWarBotNew\tesseract_bin\tesseract.exe
2026-09-12 23:23:27,096 [INFO] Konsol penceresi (3650, 0) konumuna, 190x1000 boyutuna tasindi.
2026-09-12 23:23:27,096 [INFO] Kisayollar:
2026-09-12 23:23:27,096 [INFO]   S -> botu durdur
2026-09-12 23:23:27,096 [INFO]   J -> sonraki mouse tiklamasinin pikselini logla
2026-09-12 23:23:27,096 [INFO]   O -> metin bolgesini tara ve logla
2026-09-12 23:23:27,096 [INFO]   T -> kirmizi alanli tarama ekran goruntusunu ac/kapat
2026-09-12 23:23:27,097 [INFO]   E -> 300 saniyelik periyodik tiklama dongusunu ac/kapat
2026-09-12 23:23:27,097 [INFO]   R -> Uyari ve Arti taramasini ac/kapat
2026-09-12 23:23:27,097 [INFO]   P -> Tren taramasini ac/kapat
2026-09-12 23:23:27,097 [INFO]   A -> Hastane/Yardim/Asker taramasini ac/kapat (varsayilan kapali)
2026-09-12 23:23:27,097 [INFO]   Q -> Sayac zoom/OCR testini baslat (gercek kazi saldirisi olmadan; esik 20sn, 5 dogrulama, sonra ekran ortasina tiklar)
2026-09-12 23:23:27,097 [INFO]   U -> Sv.NN/Zombi Patronu OCR gri alan taramasini kaydet (paylas.png arama bolgesinin de ekran goruntusunu alir)
2026-09-12 23:23:27,097 [INFO]   L -> Kazi sayac modunu ac/kapat (acikken kazi sonundaki 60sn bekle+240sn tikla yerine, sayac 30sn altina ust uste 5 kez dogrulandiginda 40sn boyunca saniyede 10 tiklama yapilir; L kapaliyken kazi normal sureciyle calisir)
2026-09-12 23:23:27,098 [INFO] Oyun penceresi zaten acik; baslangic tiklamalari atlandi.
2026-09-12 23:23:27,270 [INFO] Oyun penceresi 1717x965 boyutuna sol uste tasindi.
2026-09-12 23:23:35,067 [INFO] Oyun zaten acikti; baslangic tiklamalari atlandi.
2026-09-12 23:23:35,071 [INFO] Bot calisiyor. Durdurmak icin S basin.
2026-09-12 23:28:37,255 [INFO] Oyun kontrolu icin (1651, 900) 2 kez 1.0sn arayla tiklandi (300 saniye aralikla).
2026-09-12 23:33:39,876 [INFO] Oyun kontrolu icin (1651, 900) 2 kez 1.0sn arayla tiklandi (300 saniye aralikla).
2026-09-12 23:38:41,201 [INFO] Oyun kontrolu icin (1651, 900) 2 kez 1.0sn arayla tiklandi (300 saniye aralikla).
2026-09-12 23:43:42,887 [INFO] Oyun kontrolu icin (1651, 900) 2 kez 1.0sn arayla tiklandi (300 saniye aralikla).
2026-09-12 23:48:44,574 [INFO] Oyun kontrolu icin (1651, 900) 2 kez 1.0sn arayla tiklandi (300 saniye aralikla).
2026-09-12 23:53:46,111 [INFO] Oyun kontrolu icin (1651, 900) 2 kez 1.0sn arayla tiklandi (300 saniye aralikla).
2026-09-12 23:58:47,772 [INFO] Oyun kontrolu icin (1651, 900) 2 kez 1.0sn arayla tiklandi (300 saniye aralikla).
2026-09-13 00:03:49,017 [INFO] Oyun kontrolu icin (1651, 900) 2 kez 1.0sn arayla tiklandi (300 saniye aralikla).
2026-09-13 00:04:39,409 [INFO] S -> bot durduruluyor...
2026-09-13 00:04:39,418 [INFO] Bot basariyla sonlandirildi.
2026-09-13 00:35:07,522 [INFO] Tasinabilir Tesseract kullaniliyor: C:\Users\erdem\OneDrive\Desktop\lastWarBotNew\tesseract_bin\tesseract.exe
2026-09-13 00:35:07,522 [INFO] Konsol penceresi (3650, 0) konumuna, 190x1000 boyutuna tasindi.
2026-09-13 00:35:07,523 [INFO] Kisayollar:
2026-09-13 00:35:07,523 [INFO]   S -> botu durdur
2026-09-13 00:35:07,523 [INFO]   J -> sonraki mouse tiklamasinin pikselini logla
2026-09-13 00:35:07,523 [INFO]   O -> metin bolgesini tara ve logla
2026-09-13 00:35:07,523 [INFO]   T -> kirmizi alanli tarama ekran goruntusunu ac/kapat
2026-09-13 00:35:07,523 [INFO]   E -> 300 saniyelik periyodik tiklama dongusunu ac/kapat
2026-09-13 00:35:07,523 [INFO]   R -> Uyari ve Arti taramasini ac/kapat
2026-09-13 00:35:07,523 [INFO]   P -> Tren taramasini ac/kapat
2026-09-13 00:35:07,523 [INFO]   A -> Hastane/Yardim/Asker taramasini ac/kapat (varsayilan kapali)
2026-09-13 00:35:07,524 [INFO]   Q -> Sayac zoom/OCR testini baslat (gercek kazi saldirisi olmadan; esik 20sn, 5 dogrulama, sonra ekran ortasina tiklar)
2026-09-13 00:35:07,524 [INFO]   U -> Sv.NN/Zombi Patronu OCR gri alan taramasini kaydet (paylas.png arama bolgesinin de ekran goruntusunu alir)
2026-09-13 00:35:07,524 [INFO]   L -> Kazi sayac modunu ac/kapat (acikken kazi sonundaki 60sn bekle+240sn tikla yerine, sayac 30sn altina ust uste 5 kez dogrulandiginda 40sn boyunca saniyede 10 tiklama yapilir; L kapaliyken kazi normal sureciyle calisir)
2026-09-13 00:35:07,525 [INFO] Oyun penceresi zaten acik; baslangic tiklamalari atlandi.
2026-09-13 00:35:07,677 [INFO] Oyun penceresi 1717x965 boyutuna sol uste tasindi.
2026-09-13 00:35:15,460 [INFO] Oyun zaten acikti; baslangic tiklamalari atlandi.
2026-09-13 00:35:15,464 [INFO] Bot calisiyor. Durdurmak icin S basin.
2026-09-13 00:40:17,366 [INFO] Oyun kontrolu icin (1651, 900) 2 kez 1.0sn arayla tiklandi (300 saniye aralikla).
2026-09-13 00:45:18,698 [INFO] Oyun kontrolu icin (1651, 900) 2 kez 1.0sn arayla tiklandi (300 saniye aralikla).
2026-09-13 00:50:20,252 [INFO] Oyun kontrolu icin (1651, 900) 2 kez 1.0sn arayla tiklandi (300 saniye aralikla).
2026-09-13 00:55:21,521 [INFO] Oyun kontrolu icin (1651, 900) 2 kez 1.0sn arayla tiklandi (300 saniye aralikla).
2026-09-13 01:00:22,874 [INFO] Oyun kontrolu icin (1651, 900) 2 kez 1.0sn arayla tiklandi (300 saniye aralikla).
2026-09-13 01:05:24,378 [INFO] Oyun kontrolu icin (1651, 900) 2 kez 1.0sn arayla tiklandi (300 saniye aralikla).
2026-09-13 01:10:26,296 [INFO] Oyun kontrolu icin (1651, 900) 2 kez 1.0sn arayla tiklandi (300 saniye aralikla).
2026-09-13 01:15:27,668 [INFO] Oyun kontrolu icin (1651, 900) 2 kez 1.0sn arayla tiklandi (300 saniye aralikla).
2026-09-13 01:20:29,258 [INFO] Oyun kontrolu icin (1651, 900) 2 kez 1.0sn arayla tiklandi (300 saniye aralikla).
2026-09-13 01:25:31,469 [INFO] Oyun kontrolu icin (1651, 900) 2 kez 1.0sn arayla tiklandi (300 saniye aralikla).
2026-09-13 01:30:32,755 [INFO] Oyun kontrolu icin (1651, 900) 2 kez 1.0sn arayla tiklandi (300 saniye aralikla).
2026-09-13 01:35:34,898 [INFO] Oyun kontrolu icin (1651, 900) 2 kez 1.0sn arayla tiklandi (300 saniye aralikla).
2026-09-13 01:40:37,219 [INFO] Oyun kontrolu icin (1651, 900) 2 kez 1.0sn arayla tiklandi (300 saniye aralikla).
2026-09-13 01:45:39,340 [INFO] Oyun kontrolu icin (1651, 900) 2 kez 1.0sn arayla tiklandi (300 saniye aralikla).
2026-09-13 01:50:41,026 [INFO] Oyun kontrolu icin (1651, 900) 2 kez 1.0sn arayla tiklandi (300 saniye aralikla).
2026-09-13 01:55:42,519 [INFO] Oyun kontrolu icin (1651, 900) 2 kez 1.0sn arayla tiklandi (300 saniye aralikla).
2026-09-13 02:00:44,487 [INFO] Oyun kontrolu icin (1651, 900) 2 kez 1.0sn arayla tiklandi (300 saniye aralikla).
2026-09-13 02:05:46,486 [INFO] Oyun kontrolu icin (1651, 900) 2 kez 1.0sn arayla tiklandi (300 saniye aralikla).
2026-09-13 02:10:47,939 [INFO] Oyun kontrolu icin (1651, 900) 2 kez 1.0sn arayla tiklandi (300 saniye aralikla).
2026-09-13 02:15:49,309 [INFO] Oyun kontrolu icin (1651, 900) 2 kez 1.0sn arayla tiklandi (300 saniye aralikla).
2026-09-13 02:20:51,478 [INFO] Oyun kontrolu icin (1651, 900) 2 kez 1.0sn arayla tiklandi (300 saniye aralikla).
2026-09-13 02:25:53,904 [INFO] Oyun kontrolu icin (1651, 900) 2 kez 1.0sn arayla tiklandi (300 saniye aralikla).
2026-09-13 02:30:55,476 [INFO] Oyun kontrolu icin (1651, 900) 2 kez 1.0sn arayla tiklandi (300 saniye aralikla).
2026-09-13 02:35:57,239 [INFO] Oyun kontrolu icin (1651, 900) 2 kez 1.0sn arayla tiklandi (300 saniye aralikla).
2026-09-13 02:40:59,542 [INFO] Oyun kontrolu icin (1651, 900) 2 kez 1.0sn arayla tiklandi (300 saniye aralikla).
2026-09-13 02:46:01,996 [INFO] Oyun kontrolu icin (1651, 900) 2 kez 1.0sn arayla tiklandi (300 saniye aralikla).
2026-09-13 02:51:03,266 [INFO] Oyun kontrolu icin (1651, 900) 2 kez 1.0sn arayla tiklandi (300 saniye aralikla).
2026-09-13 02:56:04,503 [INFO] Oyun kontrolu icin (1651, 900) 2 kez 1.0sn arayla tiklandi (300 saniye aralikla).
2026-09-13 03:01:05,932 [INFO] Oyun kontrolu icin (1651, 900) 2 kez 1.0sn arayla tiklandi (300 saniye aralikla).
2026-09-13 03:06:07,176 [INFO] Oyun kontrolu icin (1651, 900) 2 kez 1.0sn arayla tiklandi (300 saniye aralikla).
2026-09-13 03:11:08,869 [INFO] Oyun kontrolu icin (1651, 900) 2 kez 1.0sn arayla tiklandi (300 saniye aralikla).
2026-09-13 03:16:10,449 [INFO] Oyun kontrolu icin (1651, 900) 2 kez 1.0sn arayla tiklandi (300 saniye aralikla).
2026-09-13 03:21:11,770 [INFO] Oyun kontrolu icin (1651, 900) 2 kez 1.0sn arayla tiklandi (300 saniye aralikla).
2026-09-13 03:26:14,256 [INFO] Oyun kontrolu icin (1651, 900) 2 kez 1.0sn arayla tiklandi (300 saniye aralikla).
2026-09-13 03:31:16,210 [INFO] Oyun kontrolu icin (1651, 900) 2 kez 1.0sn arayla tiklandi (300 saniye aralikla).
2026-09-13 03:36:18,563 [INFO] Oyun kontrolu icin (1651, 900) 2 kez 1.0sn arayla tiklandi (300 saniye aralikla).
2026-09-13 03:41:20,917 [INFO] Oyun kontrolu icin (1651, 900) 2 kez 1.0sn arayla tiklandi (300 saniye aralikla).
2026-09-13 03:46:22,187 [INFO] Oyun kontrolu icin (1651, 900) 2 kez 1.0sn arayla tiklandi (300 saniye aralikla).
2026-09-13 03:51:24,608 [INFO] Oyun kontrolu icin (1651, 900) 2 kez 1.0sn arayla tiklandi (300 saniye aralikla).
2026-09-13 03:56:26,703 [INFO] Oyun kontrolu icin (1651, 900) 2 kez 1.0sn arayla tiklandi (300 saniye aralikla).
2026-09-13 04:01:28,414 [INFO] Oyun kontrolu icin (1651, 900) 2 kez 1.0sn arayla tiklandi (300 saniye aralikla).
2026-09-13 04:06:30,666 [INFO] Oyun kontrolu icin (1651, 900) 2 kez 1.0sn arayla tiklandi (300 saniye aralikla).
2026-09-13 04:11:31,921 [INFO] Oyun kontrolu icin (1651, 900) 2 kez 1.0sn arayla tiklandi (300 saniye aralikla).
2026-09-13 04:16:33,391 [INFO] Oyun kontrolu icin (1651, 900) 2 kez 1.0sn arayla tiklandi (300 saniye aralikla).
2026-09-13 04:21:35,794 [INFO] Oyun kontrolu icin (1651, 900) 2 kez 1.0sn arayla tiklandi (300 saniye aralikla).
2026-09-13 04:26:38,236 [INFO] Oyun kontrolu icin (1651, 900) 2 kez 1.0sn arayla tiklandi (300 saniye aralikla).
2026-09-13 04:31:40,184 [INFO] Oyun kontrolu icin (1651, 900) 2 kez 1.0sn arayla tiklandi (300 saniye aralikla).
2026-09-13 04:36:42,038 [INFO] Oyun kontrolu icin (1651, 900) 2 kez 1.0sn arayla tiklandi (300 saniye aralikla).
2026-09-13 04:41:44,291 [INFO] Oyun kontrolu icin (1651, 900) 2 kez 1.0sn arayla tiklandi (300 saniye aralikla).
2026-09-13 04:46:45,649 [INFO] Oyun kontrolu icin (1651, 900) 2 kez 1.0sn arayla tiklandi (300 saniye aralikla).
2026-09-13 04:51:46,898 [INFO] Oyun kontrolu icin (1651, 900) 2 kez 1.0sn arayla tiklandi (300 saniye aralikla).
2026-09-13 04:56:49,291 [INFO] Oyun kontrolu icin (1651, 900) 2 kez 1.0sn arayla tiklandi (300 saniye aralikla).
2026-09-13 05:01:51,704 [INFO] Oyun kontrolu icin (1651, 900) 2 kez 1.0sn arayla tiklandi (300 saniye aralikla).
2026-09-13 05:06:53,892 [INFO] Oyun kontrolu icin (1651, 900) 2 kez 1.0sn arayla tiklandi (300 saniye aralikla).
2026-09-13 05:11:55,311 [INFO] Oyun kontrolu icin (1651, 900) 2 kez 1.0sn arayla tiklandi (300 saniye aralikla).
2026-09-13 05:16:57,782 [INFO] Oyun kontrolu icin (1651, 900) 2 kez 1.0sn arayla tiklandi (300 saniye aralikla).
2026-09-13 05:21:59,552 [INFO] Oyun kontrolu icin (1651, 900) 2 kez 1.0sn arayla tiklandi (300 saniye aralikla).
2026-09-13 05:27:01,971 [INFO] Oyun kontrolu icin (1651, 900) 2 kez 1.0sn arayla tiklandi (300 saniye aralikla).
2026-09-13 05:32:04,341 [INFO] Oyun kontrolu icin (1651, 900) 2 kez 1.0sn arayla tiklandi (300 saniye aralikla).
2026-09-13 05:37:05,669 [INFO] Oyun kontrolu icin (1651, 900) 2 kez 1.0sn arayla tiklandi (300 saniye aralikla).
2026-09-13 05:42:07,948 [INFO] Oyun kontrolu icin (1651, 900) 2 kez 1.0sn arayla tiklandi (300 saniye aralikla).
2026-09-13 05:47:09,319 [INFO] Oyun kontrolu icin (1651, 900) 2 kez 1.0sn arayla tiklandi (300 saniye aralikla).
2026-09-13 05:52:11,060 [INFO] Oyun kontrolu icin (1651, 900) 2 kez 1.0sn arayla tiklandi (300 saniye aralikla).
2026-09-13 05:57:12,747 [INFO] Oyun kontrolu icin (1651, 900) 2 kez 1.0sn arayla tiklandi (300 saniye aralikla).
2026-09-13 06:02:14,560 [INFO] Oyun kontrolu icin (1651, 900) 2 kez 1.0sn arayla tiklandi (300 saniye aralikla).
2026-09-13 06:07:16,499 [INFO] Oyun kontrolu icin (1651, 900) 2 kez 1.0sn arayla tiklandi (300 saniye aralikla).
2026-09-13 06:12:18,075 [INFO] Oyun kontrolu icin (1651, 900) 2 kez 1.0sn arayla tiklandi (300 saniye aralikla).
2026-09-13 06:17:20,424 [INFO] Oyun kontrolu icin (1651, 900) 2 kez 1.0sn arayla tiklandi (300 saniye aralikla).
2026-09-13 06:22:22,549 [INFO] Oyun kontrolu icin (1651, 900) 2 kez 1.0sn arayla tiklandi (300 saniye aralikla).
2026-09-13 06:27:24,202 [INFO] Oyun kontrolu icin (1651, 900) 2 kez 1.0sn arayla tiklandi (300 saniye aralikla).
2026-09-13 06:32:25,850 [INFO] Oyun kontrolu icin (1651, 900) 2 kez 1.0sn arayla tiklandi (300 saniye aralikla).
2026-09-13 06:37:27,242 [INFO] Oyun kontrolu icin (1651, 900) 2 kez 1.0sn arayla tiklandi (300 saniye aralikla).
2026-09-13 06:42:29,690 [INFO] Oyun kontrolu icin (1651, 900) 2 kez 1.0sn arayla tiklandi (300 saniye aralikla).
2026-09-13 06:47:31,943 [INFO] Oyun kontrolu icin (1651, 900) 2 kez 1.0sn arayla tiklandi (300 saniye aralikla).
2026-09-13 06:52:34,153 [INFO] Oyun kontrolu icin (1651, 900) 2 kez 1.0sn arayla tiklandi (300 saniye aralikla).
2026-09-13 06:57:35,719 [INFO] Oyun kontrolu icin (1651, 900) 2 kez 1.0sn arayla tiklandi (300 saniye aralikla).
2026-09-13 07:02:37,070 [INFO] Oyun kontrolu icin (1651, 900) 2 kez 1.0sn arayla tiklandi (300 saniye aralikla).
2026-09-13 07:07:38,539 [INFO] Oyun kontrolu icin (1651, 900) 2 kez 1.0sn arayla tiklandi (300 saniye aralikla).
2026-09-13 07:12:40,883 [INFO] Oyun kontrolu icin (1651, 900) 2 kez 1.0sn arayla tiklandi (300 saniye aralikla).
2026-09-13 07:17:42,429 [INFO] Oyun kontrolu icin (1651, 900) 2 kez 1.0sn arayla tiklandi (300 saniye aralikla).
2026-09-13 07:22:44,357 [INFO] Oyun kontrolu icin (1651, 900) 2 kez 1.0sn arayla tiklandi (300 saniye aralikla).
2026-09-13 07:27:46,821 [INFO] Oyun kontrolu icin (1651, 900) 2 kez 1.0sn arayla tiklandi (300 saniye aralikla).
2026-09-13 07:32:49,040 [INFO] Oyun kontrolu icin (1651, 900) 2 kez 1.0sn arayla tiklandi (300 saniye aralikla).
2026-09-13 07:37:51,483 [INFO] Oyun kontrolu icin (1651, 900) 2 kez 1.0sn arayla tiklandi (300 saniye aralikla).
2026-09-13 07:42:53,413 [INFO] Oyun kontrolu icin (1651, 900) 2 kez 1.0sn arayla tiklandi (300 saniye aralikla).
2026-09-13 07:47:55,002 [INFO] Oyun kontrolu icin (1651, 900) 2 kez 1.0sn arayla tiklandi (300 saniye aralikla).
2026-09-13 07:52:56,262 [INFO] Oyun kontrolu icin (1651, 900) 2 kez 1.0sn arayla tiklandi (300 saniye aralikla).
2026-09-13 07:57:58,290 [INFO] Oyun kontrolu icin (1651, 900) 2 kez 1.0sn arayla tiklandi (300 saniye aralikla).
2026-09-13 08:03:00,179 [INFO] Oyun kontrolu icin (1651, 900) 2 kez 1.0sn arayla tiklandi (300 saniye aralikla).
2026-09-13 08:08:01,951 [INFO] Oyun kontrolu icin (1651, 900) 2 kez 1.0sn arayla tiklandi (300 saniye aralikla).
2026-09-13 08:13:03,907 [INFO] Oyun kontrolu icin (1651, 900) 2 kez 1.0sn arayla tiklandi (300 saniye aralikla).
2026-09-13 08:18:05,287 [INFO] Oyun kontrolu icin (1651, 900) 2 kez 1.0sn arayla tiklandi (300 saniye aralikla).
2026-09-13 08:23:06,530 [INFO] Oyun kontrolu icin (1651, 900) 2 kez 1.0sn arayla tiklandi (300 saniye aralikla).
2026-09-13 08:28:07,933 [INFO] Oyun kontrolu icin (1651, 900) 2 kez 1.0sn arayla tiklandi (300 saniye aralikla).
2026-09-13 08:33:10,098 [INFO] Oyun kontrolu icin (1651, 900) 2 kez 1.0sn arayla tiklandi (300 saniye aralikla).
2026-09-13 08:38:12,168 [INFO] Oyun kontrolu icin (1651, 900) 2 kez 1.0sn arayla tiklandi (300 saniye aralikla).
2026-09-13 08:43:13,570 [INFO] Oyun kontrolu icin (1651, 900) 2 kez 1.0sn arayla tiklandi (300 saniye aralikla).
2026-09-13 08:43:13,584 [INFO] Oyun penceresi kapandi/gecersiz oldu; oyun yeniden baslatiliyor.
2026-09-13 08:43:14,733 [INFO] Oyun yeniden baslatilmadan once 60 saniye beklenecek.
2026-09-13 08:44:15,086 [INFO] Oyun baslatildi.
2026-09-13 08:44:21,111 [INFO] Oyun penceresi 1717x965 boyutuna sol uste tasindi.
2026-09-13 08:44:22,291 [INFO] Oyun penceresi 1717x965 boyutuna sol uste tasindi.
2026-09-13 08:44:24,636 [INFO] Oyun penceresi 1717x965 boyutuna sol uste tasindi.
2026-09-13 08:44:26,260 [INFO] Oyun penceresi 1717x965 boyutuna sol uste tasindi.
2026-09-13 08:44:27,404 [INFO] Oyun penceresi 1717x965 boyutuna sol uste tasindi.
2026-09-13 08:44:28,553 [INFO] Oyun penceresi 1717x965 boyutuna sol uste tasindi.
2026-09-13 08:44:29,704 [INFO] Oyun penceresi 1717x965 boyutuna sol uste tasindi.
2026-09-13 08:44:30,854 [INFO] Oyun penceresi 1717x965 boyutuna sol uste tasindi.
2026-09-13 08:44:36,071 [INFO] Baslangic tiklamasi: (1383, 908)
2026-09-13 08:44:36,673 [INFO] Baslangic tiklamasi: (791, 128)
2026-09-13 08:44:37,275 [INFO] Baslangic tiklamasi: (1090, 235)
2026-09-13 08:44:38,954 [INFO] Baslangic tiklamalarindan 1.0 saniye sonra ESC basildi.
2026-09-13 08:44:39,056 [INFO] ESC sonrasi (1651, 900) tiklandi.
2026-09-13 08:44:40,304 [INFO] Oyun kontrolu icin (1651, 900) 2 kez 1.0sn arayla tiklandi (300 saniye aralikla).
2026-09-13 08:49:42,476 [INFO] Oyun kontrolu icin (1651, 900) 2 kez 1.0sn arayla tiklandi (300 saniye aralikla).
2026-09-13 08:54:44,879 [INFO] Oyun kontrolu icin (1651, 900) 2 kez 1.0sn arayla tiklandi (300 saniye aralikla).
2026-09-13 08:59:46,832 [INFO] Oyun kontrolu icin (1651, 900) 2 kez 1.0sn arayla tiklandi (300 saniye aralikla).
2026-09-13 09:04:48,185 [INFO] Oyun kontrolu icin (1651, 900) 2 kez 1.0sn arayla tiklandi (300 saniye aralikla).
2026-09-13 09:09:36,888 [INFO] S -> bot durduruluyor...
2026-09-13 09:09:36,922 [INFO] Bot basariyla sonlandirildi.
2026-09-13 09:22:06,078 [INFO] Tasinabilir Tesseract kullaniliyor: C:\Users\erdem\OneDrive\Desktop\lastWarBotNew\tesseract_bin\tesseract.exe
2026-09-13 09:22:06,079 [INFO] Konsol penceresi (3650, 0) konumuna, 190x1000 boyutuna tasindi.
2026-09-13 09:22:06,079 [INFO] Kisayollar:
2026-09-13 09:22:06,080 [INFO]   S -> botu durdur
2026-09-13 09:22:06,080 [INFO]   J -> sonraki mouse tiklamasinin pikselini logla
2026-09-13 09:22:06,080 [INFO]   O -> metin bolgesini tara ve logla
2026-09-13 09:22:06,080 [INFO]   T -> kirmizi alanli tarama ekran goruntusunu ac/kapat
2026-09-13 09:22:06,080 [INFO]   E -> 300 saniyelik periyodik tiklama dongusunu ac/kapat
2026-09-13 09:22:06,080 [INFO]   R -> Uyari ve Arti taramasini ac/kapat
2026-09-13 09:22:06,081 [INFO]   P -> Tren taramasini ac/kapat
2026-09-13 09:22:06,081 [INFO]   A -> Hastane/Yardim/Asker taramasini ac/kapat (varsayilan kapali)
2026-09-13 09:22:06,081 [INFO]   Q -> Sayac zoom/OCR testini baslat (gercek kazi saldirisi olmadan; esik 20sn, 5 dogrulama, sonra ekran ortasina tiklar)
2026-09-13 09:22:06,081 [INFO]   U -> Sv.NN/Zombi Patronu OCR gri alan taramasini kaydet (paylas.png arama bolgesinin de ekran goruntusunu alir)
2026-09-13 09:22:06,081 [INFO]   L -> Kazi sayac modunu ac/kapat (acikken kazi sonundaki 60sn bekle+240sn tikla yerine, sayac 30sn altina ust uste 5 kez dogrulandiginda 40sn boyunca saniyede 10 tiklama yapilir; L kapaliyken kazi normal sureciyle calisir)
2026-09-13 09:22:06,082 [INFO] Oyun penceresi zaten acik; baslangic tiklamalari atlandi.
2026-09-13 09:22:06,264 [INFO] Oyun penceresi 1717x965 boyutuna sol uste tasindi.
2026-09-13 09:22:14,065 [INFO] Oyun zaten acikti; baslangic tiklamalari atlandi.
2026-09-13 09:22:14,069 [INFO] Bot calisiyor. Durdurmak icin S basin.
2026-09-13 09:27:16,119 [INFO] Oyun kontrolu icin (1651, 900) 2 kez 1.0sn arayla tiklandi (300 saniye aralikla).
2026-09-13 09:32:17,523 [INFO] Oyun kontrolu icin (1651, 900) 2 kez 1.0sn arayla tiklandi (300 saniye aralikla).
2026-09-13 09:37:19,961 [INFO] Oyun kontrolu icin (1651, 900) 2 kez 1.0sn arayla tiklandi (300 saniye aralikla).
2026-09-13 09:39:44,148 [INFO] Periyodik tiklama dongusu (E) 30 saniyeligine pasife alindi.
2026-09-13 09:39:44,148 [INFO] CASE clover: yonca.png bulundu (bolge ici=(47, 33)) 13.09 09:39
2026-09-13 09:39:44,148 [INFO] yonca -> bulundu_13092026_09:39
2026-09-13 09:39:45,153 [INFO] OCR oncesi tiklama (0.8 saniye beklendi): (1090, 235)
2026-09-13 09:39:45,682 [INFO] Metin taramasi:
2026-09-13 09:39:45,682 [INFO] Sohbet İttifak Duyurı' - ye LV.2% | vergonk bis) mag: SE .. VY 1 roe Witt Lv.28 @ Lolla ameliaa : | Gare) Yn, _ a el: Lv.30 Zentusuken | ‘ ( thanks ii) Lv.29 SimBlade YY Si) emmi vw © 2 Lv.30 (gi Joseph Gordon Levit | _| @Tactorial ©Yukirp a 09:39 a- wise Lv.29 gy Oneerahmet iğ Şanslı Hediye Az önce 5.000 Elmas'u aldım. Gelin bu şansı paylaşalım! 2/20 in bu şansı paylaşalım! |
2026-09-13 09:39:45,786 [INFO] Şanslı Hediye hedef bulundu ve merkezine tiklandi: (859, 755)
2026-09-13 09:39:46,902 [INFO] OCR hedefinden sonra ek tiklama: (859, 668)
2026-09-13 09:39:48,804 [INFO] OCR hedefinden sonra ESC 3 kere basildi.
2026-09-13 09:39:50,169 [INFO] oyundanCikNew.png bulundu; ESC basildi.
2026-09-13 09:40:14,156 [INFO] Periyodik tiklama dongusu (E) tekrar aktif edildi.
2026-09-13 09:44:52,458 [INFO] Oyun kontrolu icin (1651, 900) 2 kez 1.0sn arayla tiklandi (300 saniye aralikla).
2026-09-13 09:49:53,678 [INFO] Oyun kontrolu icin (1651, 900) 2 kez 1.0sn arayla tiklandi (300 saniye aralikla).
2026-09-13 09:54:55,238 [INFO] Oyun kontrolu icin (1651, 900) 2 kez 1.0sn arayla tiklandi (300 saniye aralikla).
2026-09-13 09:59:57,202 [INFO] Oyun kontrolu icin (1651, 900) 2 kez 1.0sn arayla tiklandi (300 saniye aralikla).
2026-09-13 10:04:58,973 [INFO] Oyun kontrolu icin (1651, 900) 2 kez 1.0sn arayla tiklandi (300 saniye aralikla).
2026-09-13 10:10:01,192 [INFO] Oyun kontrolu icin (1651, 900) 2 kez 1.0sn arayla tiklandi (300 saniye aralikla).
2026-09-13 10:15:03,713 [INFO] Oyun kontrolu icin (1651, 900) 2 kez 1.0sn arayla tiklandi (300 saniye aralikla).
2026-09-13 10:20:06,351 [INFO] Oyun kontrolu icin (1651, 900) 2 kez 1.0sn arayla tiklandi (300 saniye aralikla).
2026-09-13 10:25:07,996 [INFO] Oyun kontrolu icin (1651, 900) 2 kez 1.0sn arayla tiklandi (300 saniye aralikla).
2026-09-13 10:30:09,625 [INFO] Oyun kontrolu icin (1651, 900) 2 kez 1.0sn arayla tiklandi (300 saniye aralikla).
2026-09-13 10:35:10,929 [INFO] Oyun kontrolu icin (1651, 900) 2 kez 1.0sn arayla tiklandi (300 saniye aralikla).
2026-09-13 10:40:12,599 [INFO] Oyun kontrolu icin (1651, 900) 2 kez 1.0sn arayla tiklandi (300 saniye aralikla).
2026-09-13 10:45:14,970 [INFO] Oyun kontrolu icin (1651, 900) 2 kez 1.0sn arayla tiklandi (300 saniye aralikla).
2026-09-13 10:50:16,624 [INFO] Oyun kontrolu icin (1651, 900) 2 kez 1.0sn arayla tiklandi (300 saniye aralikla).
2026-09-13 10:55:18,852 [INFO] Oyun kontrolu icin (1651, 900) 2 kez 1.0sn arayla tiklandi (300 saniye aralikla).
2026-09-13 10:58:33,289 [INFO] oyundanCikNew.png bulundu; ESC basildi.
2026-09-13 10:58:34,855 [INFO] oyundanCikNew.png bulundu; ESC basildi.
2026-09-13 10:58:37,906 [INFO] oyundanCikNew.png bulundu; ESC basildi.
2026-09-13 11:03:40,244 [INFO] Oyun kontrolu icin (1651, 900) 2 kez 1.0sn arayla tiklandi (300 saniye aralikla).
2026-09-13 11:04:54,281 [INFO] S -> bot durduruluyor...
2026-09-13 11:04:54,346 [INFO] Bot basariyla sonlandirildi.
2026-09-13 11:04:59,098 [INFO] Tasinabilir Tesseract kullaniliyor: C:\Users\erdem\OneDrive\Desktop\lastWarBotNew\tesseract_bin\tesseract.exe
2026-09-13 11:04:59,099 [INFO] Konsol penceresi (3650, 0) konumuna, 190x1000 boyutuna tasindi.
2026-09-13 11:04:59,099 [INFO] Kisayollar:
2026-09-13 11:04:59,099 [INFO]   S -> botu durdur
2026-09-13 11:04:59,099 [INFO]   J -> sonraki mouse tiklamasinin pikselini logla
2026-09-13 11:04:59,100 [INFO]   O -> metin bolgesini tara ve logla
2026-09-13 11:04:59,100 [INFO]   T -> kirmizi alanli tarama ekran goruntusunu ac/kapat
2026-09-13 11:04:59,100 [INFO]   E -> 300 saniyelik periyodik tiklama dongusunu ac/kapat
2026-09-13 11:04:59,100 [INFO]   R -> Uyari ve Arti taramasini ac/kapat
2026-09-13 11:04:59,100 [INFO]   P -> Tren taramasini ac/kapat
2026-09-13 11:04:59,100 [INFO]   A -> Hastane/Yardim/Asker taramasini ac/kapat (varsayilan kapali)
2026-09-13 11:04:59,100 [INFO]   Q -> Sayac zoom/OCR testini baslat (gercek kazi saldirisi olmadan; esik 20sn, 5 dogrulama, sonra ekran ortasina tiklar)
2026-09-13 11:04:59,100 [INFO]   U -> Sv.NN/Zombi Patronu OCR gri alan taramasini kaydet (paylas.png arama bolgesinin de ekran goruntusunu alir)
2026-09-13 11:04:59,100 [INFO]   L -> Kazi sayac modunu ac/kapat (acikken kazi sonundaki 60sn bekle+240sn tikla yerine, sayac 30sn altina ust uste 5 kez dogrulandiginda 40sn boyunca saniyede 10 tiklama yapilir; L kapaliyken kazi normal sureciyle calisir)
2026-09-13 11:04:59,101 [INFO] Oyun penceresi zaten acik; baslangic tiklamalari atlandi.
2026-09-13 11:04:59,268 [INFO] Oyun penceresi 1717x965 boyutuna sol uste tasindi.
2026-09-13 11:05:07,065 [INFO] Oyun zaten acikti; baslangic tiklamalari atlandi.
2026-09-13 11:05:07,069 [INFO] Bot calisiyor. Durdurmak icin S basin.
2026-09-13 11:05:07,417 [INFO] Periyodik tiklama dongusu (E) 30 saniyeligine pasife alindi.
2026-09-13 11:05:07,418 [INFO] CASE clover: yonca.png bulundu (bolge ici=(46, 33)) 13.09 11:05
2026-09-13 11:05:07,418 [INFO] yonca -> bulundu_13092026_11:05
2026-09-13 11:05:08,450 [INFO] OCR oncesi tiklama (0.8 saniye beklendi): (1090, 235)
2026-09-13 11:05:08,997 [INFO] Metin taramasi:
2026-09-13 11:05:08,997 [INFO] a Sohbet İttifak Duyurus 179 kilometre 9 uzaklikta Başlatıcı: Chak??? Pes . an J Verdonk © Öl Şanslı seri! Hazineyi alırken x2 ödül * İle) g gekazandınız! | 570) Lu.28 j Verdonk CIE: Şanslı Hediye üni kad Az önce UR Kahramanı Evrensel Parçası 100'u aldım. Gelin bu şansı 9/20 paylaşalım! Yy 2 maa v0 CQ Lv.30G/salty Sean Jr a? Tam , | | Yy aT) axa; Lv.30 Zentusuken C thanks |,.. tai mem | Lv-28 j Verdonk
2026-09-13 11:05:09,101 [INFO] Şanslı Hediye hedef bulundu ve merkezine tiklandi: (736, 378)
2026-09-13 11:05:10,217 [INFO] OCR hedefinden sonra ek tiklama: (859, 668)
2026-09-13 11:05:12,116 [INFO] OCR hedefinden sonra ESC 3 kere basildi.
2026-09-13 11:05:34,784 [INFO] S -> bot durduruluyor...
2026-09-13 11:05:34,852 [INFO] Bot basariyla sonlandirildi.
2026-09-13 11:25:55,697 [INFO] Tasinabilir Tesseract kullaniliyor: C:\Users\erdem\OneDrive\Desktop\lastWarBotNew\tesseract_bin\tesseract.exe
2026-09-13 11:25:55,697 [INFO] Konsol penceresi (3650, 0) konumuna, 190x1000 boyutuna tasindi.
2026-09-13 11:25:55,698 [INFO] Kisayollar:
2026-09-13 11:25:55,698 [INFO]   S -> botu durdur
2026-09-13 11:25:55,698 [INFO]   J -> sonraki mouse tiklamasinin pikselini logla
2026-09-13 11:25:55,698 [INFO]   O -> metin bolgesini tara ve logla
2026-09-13 11:25:55,698 [INFO]   T -> kirmizi alanli tarama ekran goruntusunu ac/kapat
2026-09-13 11:25:55,699 [INFO]   E -> 300 saniyelik periyodik tiklama dongusunu ac/kapat
2026-09-13 11:25:55,699 [INFO]   R -> Uyari ve Arti taramasini ac/kapat
2026-09-13 11:25:55,699 [INFO]   P -> Tren taramasini ac/kapat
2026-09-13 11:25:55,699 [INFO]   A -> Hastane/Yardim/Asker taramasini ac/kapat (varsayilan kapali)
2026-09-13 11:25:55,700 [INFO]   Q -> Sayac zoom/OCR testini baslat (gercek kazi saldirisi olmadan; esik 20sn, 5 dogrulama, sonra ekran ortasina tiklar)
2026-09-13 11:25:55,700 [INFO]   U -> Sv.NN/Zombi Patronu OCR gri alan taramasini kaydet (paylas.png arama bolgesinin de ekran goruntusunu alir)
2026-09-13 11:25:55,700 [INFO]   L -> Kazi sayac modunu ac/kapat (acikken kazi sonundaki 60sn bekle+240sn tikla yerine, sayac 30sn altina ust uste 5 kez dogrulandiginda 40sn boyunca saniyede 10 tiklama yapilir; L kapaliyken kazi normal sureciyle calisir)
2026-09-13 11:25:55,701 [INFO] Oyun penceresi zaten acik; baslangic tiklamalari atlandi.
2026-09-13 11:26:03,684 [INFO] Oyun zaten acikti; baslangic tiklamalari atlandi.
2026-09-13 11:26:03,688 [INFO] Bot calisiyor. Durdurmak icin S basin.
2026-09-13 11:26:05,547 [INFO] Periyodik tiklama dongusu (E) 30 saniyeligine pasife alindi.
2026-09-13 11:26:05,548 [INFO] CASE clover: yonca.png bulundu (bolge ici=(49, 33)) 13.09 11:26
2026-09-13 11:26:05,548 [INFO] yonca -> bulundu_13092026_11:26
2026-09-13 11:26:06,584 [INFO] OCR oncesi tiklama (0.8 saniye beklendi): (1090, 235)
2026-09-13 11:26:07,091 [INFO] Metin taramasi:
2026-09-13 11:26:07,091 [INFO] , a Sohbet ittifak Duyur la 5 https://store.lastwar.com os ) Ny #28 Lw.29 LORDc Şanslı Hediye Az önce UR Kahramanı Evrensel Parçası 100'u aldım. Gelin bu şansı 8/20 paylaşalım! Yy > TT V Lv.28(g/ Hei Bk 201 Nİ Sg (a 5.112 Lw.29 LORDc ei Şanslı Hediye Az önce 1.000 Cesaret Rozeti'u aldım. Gelin bu şansı paylaşalım! 6/20 Y 1 (E> YELE Lv.28 @ Lolla ameliaa 4 vi Yi Yy VY i Sima 22 Lv.28 G7 Hei Bk 201 i . . ty lagi ns OT
2026-09-13 11:26:07,193 [INFO] Şanslı Hediye hedef bulundu ve merkezine tiklandi: (859, 334)
2026-09-13 11:26:08,295 [INFO] OCR hedefinden sonra ek tiklama: (859, 668)
2026-09-13 11:26:10,185 [INFO] OCR hedefinden sonra ESC 3 kere basildi.
2026-09-13 11:26:11,552 [INFO] oyundanCikNew.png bulundu; ESC basildi.
2026-09-13 11:26:35,556 [INFO] Periyodik tiklama dongusu (E) tekrar aktif edildi.
2026-09-13 11:26:41,820 [INFO] S -> bot durduruluyor...
2026-09-13 11:26:41,904 [INFO] Bot basariyla sonlandirildi.
2026-09-13 11:27:03,446 [INFO] Tasinabilir Tesseract kullaniliyor: C:\Users\erdem\OneDrive\Desktop\lastWarBotNew\tesseract_bin\tesseract.exe
2026-09-13 11:27:03,446 [INFO] Konsol penceresi (3650, 0) konumuna, 190x1000 boyutuna tasindi.
2026-09-13 11:27:03,446 [INFO] Kisayollar:
2026-09-13 11:27:03,446 [INFO]   S -> botu durdur
2026-09-13 11:27:03,446 [INFO]   J -> sonraki mouse tiklamasinin pikselini logla
2026-09-13 11:27:03,446 [INFO]   O -> metin bolgesini tara ve logla
2026-09-13 11:27:03,447 [INFO]   T -> kirmizi alanli tarama ekran goruntusunu ac/kapat
2026-09-13 11:27:03,447 [INFO]   E -> 300 saniyelik periyodik tiklama dongusunu ac/kapat
2026-09-13 11:27:03,447 [INFO]   R -> Uyari ve Arti taramasini ac/kapat
2026-09-13 11:27:03,447 [INFO]   P -> Tren taramasini ac/kapat
2026-09-13 11:27:03,447 [INFO]   A -> Hastane/Yardim/Asker taramasini ac/kapat (varsayilan kapali)
2026-09-13 11:27:03,447 [INFO]   Q -> Sayac zoom/OCR testini baslat (gercek kazi saldirisi olmadan; esik 20sn, 5 dogrulama, sonra ekran ortasina tiklar)
2026-09-13 11:27:03,447 [INFO]   U -> Sv.NN/Zombi Patronu OCR gri alan taramasini kaydet (paylas.png arama bolgesinin de ekran goruntusunu alir)
2026-09-13 11:27:03,447 [INFO]   L -> Kazi sayac modunu ac/kapat (acikken kazi sonundaki 60sn bekle+240sn tikla yerine, sayac 30sn altina ust uste 5 kez dogrulandiginda 40sn boyunca saniyede 10 tiklama yapilir; L kapaliyken kazi normal sureciyle calisir)
2026-09-13 11:27:03,448 [INFO] Oyun penceresi zaten acik; baslangic tiklamalari atlandi.
2026-09-13 11:27:11,105 [INFO] Oyun zaten acikti; baslangic tiklamalari atlandi.
2026-09-13 11:27:11,109 [INFO] Bot calisiyor. Durdurmak icin S basin.
2026-09-13 11:28:31,010 [INFO] P -> Tren taramasi: kapali
2026-09-13 11:32:13,793 [INFO] Oyun kontrolu icin (1651, 900) 2 kez 1.0sn arayla tiklandi (300 saniye aralikla).
2026-09-13 11:37:15,914 [INFO] Oyun kontrolu icin (1651, 900) 2 kez 1.0sn arayla tiklandi (300 saniye aralikla).
2026-09-13 11:42:17,335 [INFO] Oyun kontrolu icin (1651, 900) 2 kez 1.0sn arayla tiklandi (300 saniye aralikla).
2026-09-13 11:42:50,616 [INFO] Periyodik tiklama dongusu (E) 30 saniyeligine pasife alindi.
2026-09-13 11:42:50,617 [INFO] CASE clover: yonca.png bulundu (bolge ici=(47, 33)) 13.09 11:42
2026-09-13 11:42:50,617 [INFO] yonca -> bulundu_13092026_11:42
2026-09-13 11:42:51,621 [INFO] OCR oncesi tiklama (0.8 saniye beklendi): (1090, 235)
2026-09-13 11:42:52,202 [INFO] Metin taramasi:
2026-09-13 11:42:52,202 [INFO] , , a Sohbet ittifak Duyurv mm | V7 22 Lv. 30 gi whoahbud Le = | ty Al Tİ 11:32 İRİ Salty Vib3x aly ) on ye j Verdonk'un Şanslı Hediyesinden en fazla SS e) | | Elmas kazanan kişi! Co Sy) 113 Lv.29 Gi OZMOND ai owe 11:39 2 whoahbud n\ = LORDC'un Şanslı Hediyesinden en fazla SS @) Kp | Elmas kazanan kisi! Bor —— gee Lv.30 Gi Chak777 7 ie | al Şanslı Hediye Az önce UR Kahramani Evrensel Parçası 100'u aldım. Gelin bu şansı 2/20 paylaşalım! yo
2026-09-13 11:42:52,319 [INFO] Şanslı Hediye hedef bulundu ve merkezine tiklandi: (872, 402)
2026-09-13 11:42:53,436 [INFO] OCR hedefinden sonra ek tiklama: (859, 668)
2026-09-13 11:42:55,336 [INFO] OCR hedefinden sonra ESC 3 kere basildi.
2026-09-13 11:43:20,623 [INFO] Periyodik tiklama dongusu (E) tekrar aktif edildi.
2026-09-13 11:47:18,638 [INFO] Oyun kontrolu icin (1651, 900) 2 kez 1.0sn arayla tiklandi (300 saniye aralikla).
2026-09-13 11:52:20,049 [INFO] Oyun kontrolu icin (1651, 900) 2 kez 1.0sn arayla tiklandi (300 saniye aralikla).
2026-09-13 11:57:22,463 [INFO] Oyun kontrolu icin (1651, 900) 2 kez 1.0sn arayla tiklandi (300 saniye aralikla).
2026-09-13 12:02:24,184 [INFO] Oyun kontrolu icin (1651, 900) 2 kez 1.0sn arayla tiklandi (300 saniye aralikla).
2026-09-13 12:07:26,737 [INFO] Oyun kontrolu icin (1651, 900) 2 kez 1.0sn arayla tiklandi (300 saniye aralikla).
2026-09-13 12:12:28,257 [INFO] Oyun kontrolu icin (1651, 900) 2 kez 1.0sn arayla tiklandi (300 saniye aralikla).
2026-09-13 12:17:30,578 [INFO] Oyun kontrolu icin (1651, 900) 2 kez 1.0sn arayla tiklandi (300 saniye aralikla).
2026-09-13 12:22:32,021 [INFO] Oyun kontrolu icin (1651, 900) 2 kez 1.0sn arayla tiklandi (300 saniye aralikla).
2026-09-13 12:27:34,347 [INFO] Oyun kontrolu icin (1651, 900) 2 kez 1.0sn arayla tiklandi (300 saniye aralikla).
2026-09-13 12:27:53,403 [INFO] Periyodik tiklama dongusu (E) 30 saniyeligine pasife alindi.
2026-09-13 12:27:53,404 [INFO] CASE clover: yonca.png bulundu (bolge ici=(47, 33)) 13.09 12:27
2026-09-13 12:27:53,404 [INFO] yonca -> bulundu_13092026_12:27
2026-09-13 12:27:54,420 [INFO] OCR oncesi tiklama (0.8 saniye beklendi): (1090, 235)
2026-09-13 12:27:54,954 [INFO] Metin taramasi:
2026-09-13 12:27:54,954 [INFO] . : . © Sohbet Ittifak Duyur 12:02 NER | Sekindice fi ye. fr Chak777'un Şanslı Hediyesinden en fazla Ss a) Lİ Elmas kazanan kişi! So 12:26 (pate) Ly.30 Zentusuken iS (253 Kamyon Detayları Mekz—& Basarıyla Savunuldu (ECLPJGizEm Sel Lv.30 Zentusuken ( Sur. Çed) Ly. 30 Zentusuken İŞ © Paylas Kamyon 7 =» #2284 (R3STJROK 55'in UR kamyonu (Savaş Alanı #2284 X:385 Y:591) emmi vw © “5 Lv.30 G Joseph Gordon Levit | _| Şanslı Hediye gi Az önce 5,000 Elmas'u aldım. Gelin bu şansı paylaşalım! 2/20 ? paylaş Yo
2026-09-13 12:27:55,055 [INFO] Şanslı Hediye hedef bulundu ve merkezine tiklandi: (864, 312)
2026-09-13 12:27:56,169 [INFO] OCR hedefinden sonra ek tiklama: (859, 668)
2026-09-13 12:27:58,069 [INFO] OCR hedefinden sonra ESC 3 kere basildi.
2026-09-13 12:28:23,406 [INFO] Periyodik tiklama dongusu (E) tekrar aktif edildi.
2026-09-13 12:32:36,705 [INFO] Oyun kontrolu icin (1651, 900) 2 kez 1.0sn arayla tiklandi (300 saniye aralikla).
2026-09-13 12:37:38,442 [INFO] Oyun kontrolu icin (1651, 900) 2 kez 1.0sn arayla tiklandi (300 saniye aralikla).
2026-09-13 12:42:40,580 [INFO] Oyun kontrolu icin (1651, 900) 2 kez 1.0sn arayla tiklandi (300 saniye aralikla).
2026-09-13 12:47:42,750 [INFO] Oyun kontrolu icin (1651, 900) 2 kez 1.0sn arayla tiklandi (300 saniye aralikla).
2026-09-13 12:50:52,206 [INFO] Periyodik tiklama dongusu (E) 130 saniyeligine pasife alindi.
2026-09-13 12:50:52,207 [INFO] CASE excavation: kazi.png bulundu (bolge ici=(44, 34)) 13.09 12:50
2026-09-13 12:50:52,207 [INFO] kazi -> bulundu_13092026_12:50
2026-09-13 12:50:53,211 [INFO] OCR oncesi tiklama (0.8 saniye beklendi): (1075, 243)
2026-09-13 12:50:53,722 [INFO] Metin taramasi:
2026-09-13 12:50:53,722 [INFO] Sohbet ittifak Duyurusu İD. j YENE LU. 30 gp LUVkev Just 3 of us just go Bs P- 58 Lv.30 @ Luvkev , e Pal It's ok Bs ‘el... Lv.30 @ Luvkev | i aS 1 min rally please N emmi <2 Lv. 30 (gi Joseph Gordon Levit | _| Thankyou | @ 1 12:48 eo: Dayi Dayi sa We ZN (| Joseph Gordon Levit'un Şanslı > a) | | Hediyesinden en fazla Elmas kazanan kişi! Sey eği EEE Lw.29 G) Oneerahmet | o". We © Paylas h ikke) Hazineyi kaz (Savaş Alanı #2279 X:526 Y:407)
2026-09-13 12:50:53,824 [INFO] Hazineyi kaz hedef bulundu ve merkezine tiklandi: (749, 812)
2026-09-13 12:50:53,825 [INFO] Kazi saldirisi basladi; 300 saniyelik ESC izleme duraklatildi.
2026-09-13 12:50:53,825 [INFO] Harita sicramasi icin 2.0 saniye bekleniyor.
2026-09-13 12:50:55,928 [INFO] Oyun merkezi tiklandi: (858, 482)
2026-09-13 12:50:57,045 [INFO] Takip tiklamasi: (856, 592)
2026-09-13 12:50:59,148 [INFO] Saldirma tiklamasi: (856, 746)
2026-09-13 12:50:59,149 [INFO] Saldiri sonrasi 30 saniye sessizce bekleniyor.
2026-09-13 12:51:29,149 [INFO] 150 saniye boyunca (856, 460) konumuna 0.1 saniyede bir tiklanacak (paylas.png cikarsa erken durulacak).
2026-09-13 12:53:02,257 [INFO] Periyodik tiklama dongusu (E) tekrar aktif edildi.
2026-09-13 12:53:16,955 [INFO] paylas.png bulundu; hizli tiklama erken durduruldu ve ESC basildi.
2026-09-13 12:53:16,955 [INFO] Kazi saldirisi tamamlandi; 300 saniyelik ESC izleme yeniden etkin.
2026-09-13 12:53:19,402 [INFO] Oyun kontrolu icin (1651, 900) 2 kez 1.0sn arayla tiklandi (300 saniye aralikla).
2026-09-13 12:58:20,776 [INFO] Oyun kontrolu icin (1651, 900) 2 kez 1.0sn arayla tiklandi (300 saniye aralikla).
2026-09-13 13:03:22,914 [INFO] Oyun kontrolu icin (1651, 900) 2 kez 1.0sn arayla tiklandi (300 saniye aralikla).
2026-09-13 13:08:24,176 [INFO] Oyun kontrolu icin (1651, 900) 2 kez 1.0sn arayla tiklandi (300 saniye aralikla).
2026-09-13 13:13:26,638 [INFO] Oyun kontrolu icin (1651, 900) 2 kez 1.0sn arayla tiklandi (300 saniye aralikla).
2026-09-13 13:14:29,037 [INFO] Periyodik tiklama dongusu (E) 30 saniyeligine pasife alindi.
2026-09-13 13:14:29,038 [INFO] CASE clover: yonca.png bulundu (bolge ici=(48, 33)) 13.09 13:14
2026-09-13 13:14:29,038 [INFO] yonca -> bulundu_13092026_13:14
2026-09-13 13:14:30,057 [INFO] OCR oncesi tiklama (0.8 saniye beklendi): (1090, 235)
2026-09-13 13:14:30,635 [INFO] Metin taramasi:
2026-09-13 13:14:30,635 [INFO] Sohbet ittifak Duyuru" #HCCIYA:'JUN Y:4YUj 12:58 Se” da) 2 Lw.29 © Oneerahmet | day: © Paylas daf ge fac Ps Mutant Vurucu (Savaş Alanı #2279 X:504 Y:502) yi in | VW Pİ Lv.29G) Oneerahmet P 4 raat | Maju maju ov 0 eş 13:13 ge Pİ Lv.29 Ci Map Bang ries) | könhchatlöi OT | ir WEE Lw.29@ ca Map Bang Crags laicoquaa |, oT) ffm | Lv.29 BEN * MU he İ Me Şanslı Hediye dö kJ Az önce 5,000 Elmas'u aldım. 2/20 Gelin bu şansı paylaşan!
2026-09-13 13:14:30,741 [INFO] Şanslı Hediye hedef bulundu ve merkezine tiklandi: (859, 755)
2026-09-13 13:14:31,857 [INFO] OCR hedefinden sonra ek tiklama: (859, 668)
2026-09-13 13:14:33,757 [INFO] OCR hedefinden sonra ESC 3 kere basildi.
2026-09-13 13:14:35,091 [INFO] oyundanCikNew.png bulundu; ESC basildi.
2026-09-13 13:14:59,100 [INFO] Periyodik tiklama dongusu (E) tekrar aktif edildi.
2026-09-13 13:19:37,347 [INFO] Oyun kontrolu icin (1651, 900) 2 kez 1.0sn arayla tiklandi (300 saniye aralikla).
2026-09-13 13:24:39,033 [INFO] Oyun kontrolu icin (1651, 900) 2 kez 1.0sn arayla tiklandi (300 saniye aralikla).
2026-09-13 13:29:41,220 [INFO] Oyun kontrolu icin (1651, 900) 2 kez 1.0sn arayla tiklandi (300 saniye aralikla).
2026-09-13 13:30:16,155 [INFO] oyundanCikNew.png bulundu; ESC basildi.
2026-09-13 13:35:18,280 [INFO] Oyun kontrolu icin (1651, 900) 2 kez 1.0sn arayla tiklandi (300 saniye aralikla).
2026-09-13 13:40:19,598 [INFO] Oyun kontrolu icin (1651, 900) 2 kez 1.0sn arayla tiklandi (300 saniye aralikla).
2026-09-13 13:45:21,271 [INFO] Oyun kontrolu icin (1651, 900) 2 kez 1.0sn arayla tiklandi (300 saniye aralikla).
2026-09-13 13:50:22,738 [INFO] Oyun kontrolu icin (1651, 900) 2 kez 1.0sn arayla tiklandi (300 saniye aralikla).
2026-09-13 13:55:24,862 [INFO] Oyun kontrolu icin (1651, 900) 2 kez 1.0sn arayla tiklandi (300 saniye aralikla).
2026-09-13 14:00:27,563 [INFO] Oyun kontrolu icin (1651, 900) 2 kez 1.0sn arayla tiklandi (300 saniye aralikla).
2026-09-13 14:05:30,050 [INFO] Oyun kontrolu icin (1651, 900) 2 kez 1.0sn arayla tiklandi (300 saniye aralikla).
2026-09-13 14:10:32,570 [INFO] Oyun kontrolu icin (1651, 900) 2 kez 1.0sn arayla tiklandi (300 saniye aralikla).
2026-09-13 14:15:04,304 [INFO] A -> Hastane/Yardim/Asker taramasi: acik
2026-09-13 14:15:04,570 [INFO] A -> Hastane/Yardim/Asker taramasi: kapali
2026-09-13 14:15:05,070 [INFO] S -> bot durduruluyor...
2026-09-13 14:15:05,168 [INFO] Bot basariyla sonlandirildi.
2026-09-13 14:34:40,854 [INFO] Tasinabilir Tesseract kullaniliyor: C:\Users\erdem\OneDrive\Desktop\lastWarBotNew\tesseract_bin\tesseract.exe
2026-09-13 14:34:40,855 [INFO] Konsol penceresi (3650, 0) konumuna, 190x1000 boyutuna tasindi.
2026-09-13 14:34:40,855 [INFO] Kisayollar:
2026-09-13 14:34:40,855 [INFO]   S -> botu durdur
2026-09-13 14:34:40,855 [INFO]   J -> sonraki mouse tiklamasinin pikselini logla
2026-09-13 14:34:40,855 [INFO]   O -> metin bolgesini tara ve logla
2026-09-13 14:34:40,855 [INFO]   T -> kirmizi alanli tarama ekran goruntusunu ac/kapat
2026-09-13 14:34:40,855 [INFO]   E -> 300 saniyelik periyodik tiklama dongusunu ac/kapat
2026-09-13 14:34:40,856 [INFO]   R -> Uyari ve Arti taramasini ac/kapat
2026-09-13 14:34:40,856 [INFO]   P -> Tren taramasini ac/kapat
2026-09-13 14:34:40,856 [INFO]   A -> Hastane/Yardim/Asker taramasini ac/kapat (varsayilan kapali)
2026-09-13 14:34:40,856 [INFO]   Q -> Sayac zoom/OCR testini baslat (gercek kazi saldirisi olmadan; esik 20sn, 5 dogrulama, sonra ekran ortasina tiklar)
2026-09-13 14:34:40,856 [INFO]   U -> Sv.NN/Zombi Patronu OCR gri alan taramasini kaydet (paylas.png arama bolgesinin de ekran goruntusunu alir)
2026-09-13 14:34:40,856 [INFO]   L -> Kazi sayac modunu ac/kapat (acikken kazi sonundaki 60sn bekle+240sn tikla yerine, sayac 30sn altina ust uste 5 kez dogrulandiginda 40sn boyunca saniyede 10 tiklama yapilir; L kapaliyken kazi normal sureciyle calisir)
2026-09-13 14:34:40,857 [INFO] Oyun penceresi zaten acik; baslangic tiklamalari atlandi.
2026-09-13 14:34:48,700 [INFO] Oyun zaten acikti; baslangic tiklamalari atlandi.
2026-09-13 14:34:48,707 [INFO] Bot calisiyor. Durdurmak icin S basin.
2026-09-13 14:34:49,301 [INFO] O -> metin taramasi istendi.
2026-09-13 14:34:49,800 [INFO] A -> Hastane/Yardim/Asker taramasi: acik
2026-09-13 14:34:50,117 [INFO] A -> Hastane/Yardim/Asker taramasi: kapali
2026-09-13 14:34:50,968 [INFO] OCR oncesi tiklama (0.5 saniye beklendi): (1075, 243)
2026-09-13 14:34:51,337 [INFO] Metin taramasi:
2026-09-13 14:34:51,337 [INFO] ou ee _ 4 é ! } a —. , YA . A i } } j
2026-09-13 14:34:52,834 [INFO] S -> bot durduruluyor...
2026-09-13 14:34:52,868 [INFO] Bot basariyla sonlandirildi.
